{"display":{"thirdperson_righthand":{"translation":[0,3.75,6.75],"scale":[1.3,1.3,1.3]},"thirdperson_lefthand":{"translation":[0,3.75,6.75],"scale":[1.3,1.3,1.3]},"firstperson_righthand":{"rotation":[12,0,0],"translation":[-4.25,7.75,12],"scale":[1.2,1.2,1.2]},"firstperson_lefthand":{"rotation":[12,0,0],"translation":[-4.25,7.75,12],"scale":[1.2,1.2,1.2]},"ground":{"translation":[0,2,4],"scale":[1.3,1.3,1.3]},"gui":{"rotation":[30,225,0],"translation":[-7,6,0],"scale":[2,2,2]},"head":{"translation":[0,3.5,20],"scale":[3,3,4]},"fixed":{"rotation":[90,0,0],"translation":[0,-5,2],"scale":[1.3,1.3,1.3]}},"parent":"item","texture_size":[32,32],"textures":{"0":"item/event/grappling_hook","particle":"item/event/grappling_hook"},"elements":[{"name":"Rope","from":[8,3.58603,-0.5],"to":[8,6.58603,5.5],"rotation":{"angle":0,"axis":"y","origin":[6.825,8.33603,7.5]},"faces":{"north":{"uv":[0,0,0,1.5],"texture":"#0"},"east":{"uv":[3,0,0,1.5],"texture":"#0"},"south":{"uv":[0,0,0,1.5],"texture":"#0"},"west":{"uv":[0,0,3,1.5],"texture":"#0"},"up":{"uv":[0,3,0,0],"texture":"#0"},"down":{"uv":[0,0,0,3],"texture":"#0"}}},{"from":[7.25,5.58603,1.7],"to":[8.75,7.58603,5.95],"rotation":{"angle":0,"axis":"y","origin":[6.825,8.33603,7.5]},"faces":{"north":{"uv":[3,3,3.75,4],"texture":"#0"},"east":{"uv":[0,3,2,4],"texture":"#0"},"south":{"uv":[0,4,0.75,5],"texture":"#0"},"west":{"uv":[3,0,5,1],"texture":"#0"},"up":{"uv":[3.75,3,3,1],"texture":"#0"},"down":{"uv":[2.75,3,2,5],"texture":"#0"}}},{"from":[7.625,6.18603,5.95],"to":[8.375,6.93603,6.5],"rotation":{"angle":0,"axis":"y","origin":[6.825,8.33603,7.5]},"faces":{"north":{"uv":[4.5,5,5,5.5],"texture":"#0"},"east":{"uv":[0.5,7,0.75,7.5],"texture":"#0"},"south":{"uv":[5,4.5,5.5,5],"texture":"#0"},"west":{"uv":[7,0.5,7.25,1],"texture":"#0"},"up":{"uv":[1.5,7.25,1,7],"texture":"#0"},"down":{"uv":[7.5,1,7,1.25],"texture":"#0"}}},{"from":[7.425,4.53603,6.5],"to":[8.575,7.23603,7.65],"rotation":{"angle":0,"axis":"y","origin":[6.825,8.33603,7.5]},"faces":{"north":{"uv":[1,4,1.5,5.25],"texture":"#0"},"east":{"uv":[4,1,4.5,2.25],"texture":"#0"},"south":{"uv":[1.5,4,2,5.25],"texture":"#0"},"west":{"uv":[4,2.5,4.5,3.75],"texture":"#0"},"up":{"uv":[5.5,5.5,5,5],"texture":"#0"},"down":{"uv":[0.5,5.5,0,6],"texture":"#0"}}},{"from":[7.5,6.08603,1],"to":[8.5,7.08603,1.75],"rotation":{"angle":0,"axis":"y","origin":[6.825,8.33603,7.5]},"faces":{"north":{"uv":[4.5,2.5,5,3],"texture":"#0"},"east":{"uv":[4.5,3,5,3.5],"texture":"#0"},"south":{"uv":[4.5,3.5,5,4],"texture":"#0"},"west":{"uv":[4.5,4,5,4.5],"texture":"#0"},"up":{"uv":[5,5,4.5,4.5],"texture":"#0"},"down":{"uv":[0.5,5,0,5.5],"texture":"#0"}}},{"from":[7.5,4.58603,4.3],"to":[8.5,5.58603,5.3],"rotation":{"angle":0,"axis":"y","origin":[6.825,8.33603,7.5]},"faces":{"north":{"uv":[5,0,5.5,0.5],"texture":"#0"},"east":{"uv":[0.5,5,1,5.5],"texture":"#0"},"south":{"uv":[5,0.5,5.5,1],"texture":"#0"},"west":{"uv":[5,1,5.5,1.5],"texture":"#0"},"up":{"uv":[5.5,2,5,1.5],"texture":"#0"},"down":{"uv":[2.5,5,2,5.5],"texture":"#0"}}},{"from":[8.5,4.86103,4.55],"to":[8.6,5.36103,5.05],"rotation":{"angle":0,"axis":"y","origin":[6.825,8.33603,7.5]},"faces":{"north":{"uv":[7.5,5.5,7.75,5.75],"texture":"#0"},"east":{"uv":[6,7.5,6.25,7.75],"texture":"#0"},"south":{"uv":[7.5,6,7.75,6.25],"texture":"#0"},"west":{"uv":[6.5,7.5,6.75,7.75],"texture":"#0"},"up":{"uv":[7.75,6.75,7.5,6.5],"texture":"#0"},"down":{"uv":[7.25,7.5,7,7.75],"texture":"#0"}}},{"from":[7.15,4.96103,4.65],"to":[8.5,5.26103,4.95],"rotation":{"angle":0,"axis":"y","origin":[6.825,8.33603,7.5]},"faces":{"north":{"uv":[5,6,5.75,6.25],"texture":"#0"},"east":{"uv":[7.5,7,7.75,7.25],"texture":"#0"},"south":{"uv":[6,5,6.75,5.25],"texture":"#0"},"west":{"uv":[7.5,7.5,7.75,7.75],"texture":"#0"},"up":{"uv":[6.75,5.75,6,5.5],"texture":"#0"},"down":{"uv":[6.75,6,6,6.25],"texture":"#0"}}},{"from":[6.85,4.96103,4.65],"to":[7.15,5.76103,4.95],"rotation":{"angle":0,"axis":"y","origin":[6.825,8.33603,7.5]},"faces":{"north":{"uv":[6,6.5,6.25,7],"texture":"#0"},"east":{"uv":[6.5,6.5,6.75,7],"texture":"#0"},"south":{"uv":[0,7,0.25,7.5],"texture":"#0"},"west":{"uv":[7,0,7.25,0.5],"texture":"#0"},"up":{"uv":[0.25,8.25,0,8],"texture":"#0"},"down":{"uv":[8.25,0,8,0.25],"texture":"#0"}}},{"from":[6.8,5.76103,4.6],"to":[7.2,5.96103,5],"rotation":{"angle":0,"axis":"y","origin":[6.825,8.33603,7.5]},"faces":{"north":{"uv":[0.5,8,0.75,8.25],"texture":"#0"},"east":{"uv":[8,0.5,8.25,0.75],"texture":"#0"},"south":{"uv":[1,8,1.25,8.25],"texture":"#0"},"west":{"uv":[8,1,8.25,1.25],"texture":"#0"},"up":{"uv":[1.75,8.25,1.5,8],"texture":"#0"},"down":{"uv":[8.25,1.5,8,1.75],"texture":"#0"}}},{"from":[7.5,4.38603,4.3],"to":[8.5,4.58603,5.3],"rotation":{"angle":0,"axis":"y","origin":[6.825,8.33603,7.5]},"faces":{"north":{"uv":[6.5,0,7,0.25],"texture":"#0"},"east":{"uv":[0.5,6.5,1,6.75],"texture":"#0"},"south":{"uv":[1,6.5,1.5,6.75],"texture":"#0"},"west":{"uv":[1.5,6.5,2,6.75],"texture":"#0"},"up":{"uv":[5.5,2.5,5,2],"texture":"#0"},"down":{"uv":[3,5,2.5,5.5],"texture":"#0"}}},{"from":[7.5,4.38603,4.1],"to":[8.5,5.58603,4.3],"rotation":{"angle":0,"axis":"y","origin":[6.825,8.33603,7.5]},"faces":{"north":{"uv":[5,2.5,5.5,3],"texture":"#0"},"east":{"uv":[6.5,1.5,6.75,2],"texture":"#0"},"south":{"uv":[5,3,5.5,3.5],"texture":"#0"},"west":{"uv":[6.5,2,6.75,2.5],"texture":"#0"},"up":{"uv":[7,2.75,6.5,2.5],"texture":"#0"},"down":{"uv":[3.5,6.5,3,6.75],"texture":"#0"}}},{"from":[7.5,4.38603,5.3],"to":[8.5,5.58603,5.5],"rotation":{"angle":0,"axis":"y","origin":[6.825,8.33603,7.5]},"faces":{"north":{"uv":[5,3.5,5.5,4],"texture":"#0"},"east":{"uv":[6.5,3,6.75,3.5],"texture":"#0"},"south":{"uv":[5,4,5.5,4.5],"texture":"#0"},"west":{"uv":[3.5,6.5,3.75,7],"texture":"#0"},"up":{"uv":[7,3.75,6.5,3.5],"texture":"#0"},"down":{"uv":[4.5,6.5,4,6.75],"texture":"#0"}}}]}