{
  "parent": "item/generated",
  "textures": {
    "layer0": "item/book"
  },
  "overrides": [
    {"predicate": {"custom_model_data": 1}, "model": "item/book/1"},
    {"predicate": {"custom_model_data": 2}, "model": "item/book/2"},
    {"predicate": {"custom_model_data": 3}, "model": "item/book/3"},
    {"predicate": {"custom_model_data": 4}, "model": "item/book/4"},
    {"predicate": {"custom_model_data": 5}, "model": "item/book/5"},
    {"predicate": {"custom_model_data": 6}, "model": "item/book/6"},
    {"predicate": {"custom_model_data": 7}, "model": "item/book/7"},
    {"predicate": {"custom_model_data": 8}, "model": "item/book/8"},
    {"predicate": {"custom_model_data": 9}, "model": "item/book/9"},
    {"predicate": {"custom_model_data": 10}, "model": "item/book/10"},
    {"predicate": {"custom_model_data": 11}, "model": "item/book/11"},
    {"predicate": {"custom_model_data": 12}, "model": "item/book/12"},
    {"predicate": {"custom_model_data": 13}, "model": "item/book/13"},
    {"predicate": {"custom_model_data": 14}, "model": "item/book/14"}
  ]
}
