{
  "display": {
    "thirdperson_righthand": {
      "rotation": [
        -90,
        0,
        -90
      ],
      "translation": [
        -1,
        0.25,
        -4.5
      ],
      "scale": [
        0.6,
        0.6,
        0.6
      ]
    },
    "thirdperson_lefthand": {
      "rotation": [
        -90,
        0,
        90
      ],
      "translation": [
        1,
        0.25,
        -4.5
      ],
      "scale": [
        0.6,
        0.6,
        0.6
      ]
    },
    "firstperson_righthand": {
      "rotation": [
        95,
        -179,
        80
      ],
      "translation": [
        0.5,
        3,
        -1
      ],
      "scale": [
        0.6,
        0.6,
        0.6
      ]
    },
    "firstperson_lefthand": {
      "rotation": [
        95,
        -179,
        -100
      ],
      "translation": [
        2.25,
        3,
        -0.75
      ],
      "scale": [
        0.6,
        0.6,
        0.6
      ]
    },
    "ground": {
      "rotation": [
        -90,
        0,
        -45
      ],
      "translation": [
        -1.25,
        3,
        -0.25
      ],
      "scale": [
        0.5,
        0.5,
        0.5
      ]
    },
    "gui": {
      "rotation": [
        -23.25,
        0,
        -45
      ],
      "translation": [
        -3.25,
        2,
        -0.75
      ],
      "scale": [
        0.65,
        0.65,
        0.65
      ]
    },
    "head": {
      "rotation": [
        0,
        0,
        -90
      ],
      "translation": [
        -1,
        9,
        0.75
      ],
      "scale": [
        0.6,
        0.6,
        0.6
      ]
    },
    "fixed": {
      "rotation": [
        180,
        0,
        135
      ],
      "translation": [
        3.5,
        1.75,
        0.75
      ],
      "scale": [
        0.65,
        0.65,
        0.65
      ]
    }
  },
  "texture_size": [
    64,
    64
  ],
  "textures": {
    "3": "item/tools/crossbows/ketchup_crossbow"
  },
  "elements": [
    {
      "from": [
        5,
        8.25,
        7.5
      ],
      "to": [
        27.475,
        11.25,
        8.5
      ],
      "rotation": {
        "angle": 0,
        "axis": "y",
        "origin": [
          14.01,
          7.24,
          7.99
        ]
      },
      "faces": {
        "north": {
          "uv": [
            0,
            0,
            5.25,
            0.75
          ],
          "texture": "#3"
        },
        "east": {
          "uv": [
            4.75,
            6,
            5,
            6.75
          ],
          "texture": "#3"
        },
        "south": {
          "uv": [
            0,
            0.75,
            5.25,
            1.5
          ],
          "texture": "#3"
        },
        "west": {
          "uv": [
            6,
            5.5,
            6.25,
            6.25
          ],
          "texture": "#3"
        },
        "up": {
          "uv": [
            6.35,
            7.75,
            0.7625,
            7.5
          ],
          "texture": "#3"
        },
        "down": {
          "uv": [
            6.35,
            7.5,
            0.7625,
            7.75
          ],
          "texture": "#3"
        }
      }
    },
    {
      "from": [
        9.75,
        8.5,
        6.75
      ],
      "to": [
        20.75,
        11,
        7.5
      ],
      "rotation": {
        "angle": 0,
        "axis": "y",
        "origin": [
          14.01,
          7.24,
          7.99
        ]
      },
      "faces": {
        "north": {
          "uv": [
            0,
            3,
            2.75,
            3.75
          ],
          "texture": "#3"
        },
        "east": {
          "uv": [
            6.25,
            1.5,
            6.5,
            2.25
          ],
          "texture": "#3"
        },
        "south": {
          "uv": [
            2.75,
            3,
            5.5,
            3.75
          ],
          "texture": "#3"
        },
        "west": {
          "uv": [
            6.25,
            2.25,
            6.5,
            3
          ],
          "texture": "#3"
        },
        "up": {
          "uv": [
            8,
            1.25,
            5.25,
            1
          ],
          "texture": "#3"
        },
        "down": {
          "uv": [
            8,
            1.25,
            5.25,
            1.5
          ],
          "texture": "#3"
        }
      }
    },
    {
      "from": [
        7.25,
        9.25,
        8.45
      ],
      "to": [
        23.5,
        10.25,
        9.2
      ],
      "rotation": {
        "angle": 0,
        "axis": "y",
        "origin": [
          14.01,
          7.24,
          7.99
        ]
      },
      "faces": {
        "north": {
          "uv": [
            0,
            3,
            2.75,
            3.75
          ],
          "texture": "#3"
        },
        "east": {
          "uv": [
            6.25,
            1.75,
            6.5,
            2
          ],
          "texture": "#3"
        },
        "south": {
          "uv": [
            2.75,
            3.25,
            5.5,
            3.5
          ],
          "texture": "#3"
        },
        "west": {
          "uv": [
            6.25,
            2.25,
            6.5,
            3
          ],
          "texture": "#3"
        },
        "up": {
          "uv": [
            2.75,
            3.5,
            5.5,
            3.25
          ],
          "texture": "#3"
        },
        "down": {
          "uv": [
            2.75,
            3.25,
            5.5,
            3.5
          ],
          "texture": "#3"
        }
      }
    },
    {
      "from": [
        1.994,
        7.248,
        7.496
      ],
      "to": [
        2.998,
        12.252,
        8.5
      ],
      "rotation": {
        "angle": 0,
        "axis": "y",
        "origin": [
          13.756,
          6.74,
          7.988
        ]
      },
      "faces": {
        "north": {
          "uv": [
            5.75,
            3,
            6,
            4.25
          ],
          "texture": "#3"
        },
        "east": {
          "uv": [
            2.25,
            6,
            2.5,
            7.25
          ],
          "texture": "#3"
        },
        "south": {
          "uv": [
            2.5,
            6,
            2.75,
            7.25
          ],
          "texture": "#3"
        },
        "west": {
          "uv": [
            2.75,
            6,
            3,
            7.25
          ],
          "texture": "#3"
        },
        "up": {
          "uv": [
            5.75,
            3.75,
            5.5,
            3.5
          ],
          "texture": "#3"
        },
        "down": {
          "uv": [
            6.5,
            6,
            6.25,
            6.25
          ],
          "texture": "#3"
        }
      }
    },
    {
      "from": [
        2.998,
        11.25,
        7.498
      ],
      "to": [
        6,
        12.252,
        8.5
      ],
      "rotation": {
        "angle": 0,
        "axis": "z",
        "origin": [
          4.499,
          11.751,
          7.999
        ]
      },
      "faces": {
        "north": {
          "uv": [
            3,
            6.25,
            3.75,
            6.5
          ],
          "texture": "#3"
        },
        "east": {
          "uv": [
            0.75,
            6.5,
            1,
            6.75
          ],
          "texture": "#3"
        },
        "south": {
          "uv": [
            6.25,
            3.25,
            7,
            3.5
          ],
          "texture": "#3"
        },
        "up": {
          "uv": [
            7,
            3.75,
            6.25,
            3.5
          ],
          "texture": "#3"
        },
        "down": {
          "uv": [
            7,
            3.75,
            6.25,
            4
          ],
          "texture": "#3"
        }
      }
    },
    {
      "from": [
        3,
        7.25,
        7.5
      ],
      "to": [
        6,
        8.25,
        8.5
      ],
      "rotation": {
        "angle": 0,
        "axis": "z",
        "origin": [
          4.5,
          7.75,
          8
        ]
      },
      "faces": {
        "north": {
          "uv": [
            6.25,
            4,
            7,
            4.25
          ],
          "texture": "#3"
        },
        "east": {
          "uv": [
            1,
            6.5,
            1.25,
            6.75
          ],
          "texture": "#3"
        },
        "south": {
          "uv": [
            6.25,
            5.5,
            7,
            5.75
          ],
          "texture": "#3"
        },
        "up": {
          "uv": [
            7,
            6,
            6.25,
            5.75
          ],
          "texture": "#3"
        },
        "down": {
          "uv": [
            6.75,
            6.25,
            6,
            6.5
          ],
          "texture": "#3"
        }
      }
    },
    {
      "from": [
        23.9,
        9.25,
        5.25
      ],
      "to": [
        24.9,
        10.25,
        9.25
      ],
      "rotation": {
        "angle": 22.5,
        "axis": "y",
        "origin": [
          24.4,
          9.75,
          8.75
        ]
      },
      "faces": {
        "north": {
          "uv": [
            1.25,
            6.5,
            1.5,
            6.75
          ],
          "texture": "#3"
        },
        "east": {
          "uv": [
            3,
            6,
            4,
            6.25
          ],
          "texture": "#3"
        },
        "south": {
          "uv": [
            6.5,
            1.5,
            6.75,
            1.75
          ],
          "texture": "#3"
        },
        "west": {
          "uv": [
            6,
            3,
            7,
            3.25
          ],
          "texture": "#3"
        },
        "up": {
          "uv": [
            6.25,
            4.25,
            6,
            3.25
          ],
          "texture": "#3"
        },
        "down": {
          "uv": [
            4.25,
            6,
            4,
            7
          ],
          "texture": "#3"
        }
      }
    },
    {
      "from": [
        7.00613,
        13.74082,
        6.98
      ],
      "to": [
        8.04613,
        19.78082,
        9.02
      ],
      "rotation": {
        "angle": -22.5,
        "axis": "z",
        "origin": [
          7.02613,
          13.76082,
          7.98
        ]
      },
      "faces": {
        "north": {
          "uv": [
            5.25,
            5.5,
            5.5,
            7
          ],
          "texture": "#3"
        },
        "east": {
          "uv": [
            1.5,
            4.5,
            2,
            6
          ],
          "texture": "#3"
        },
        "south": {
          "uv": [
            5.5,
            5.5,
            5.75,
            7
          ],
          "texture": "#3"
        },
        "west": {
          "uv": [
            2,
            4.5,
            2.5,
            6
          ],
          "texture": "#3"
        }
      }
    },
    {
      "from": [
        7,
        5.75,
        7
      ],
      "to": [
        8,
        13.75,
        9
      ],
      "rotation": {
        "angle": 0,
        "axis": "y",
        "origin": [
          14,
          7.25,
          8
        ]
      },
      "faces": {
        "north": {
          "uv": [
            5.5,
            1.5,
            5.75,
            3.5
          ],
          "texture": "#3"
        },
        "east": {
          "uv": [
            0.5,
            4.5,
            1,
            6.5
          ],
          "texture": "#3"
        },
        "south": {
          "uv": [
            5,
            5.5,
            5.25,
            7.5
          ],
          "texture": "#3"
        },
        "west": {
          "uv": [
            1,
            4.5,
            1.5,
            6.5
          ],
          "texture": "#3"
        }
      }
    },
    {
      "from": [
        7.00613,
        -0.28082,
        6.98
      ],
      "to": [
        8.04613,
        5.75918,
        9.02
      ],
      "rotation": {
        "angle": 22.5,
        "axis": "z",
        "origin": [
          7.02613,
          5.73918,
          7.98
        ]
      },
      "faces": {
        "north": {
          "uv": [
            5.75,
            1.5,
            6,
            3
          ],
          "texture": "#3"
        },
        "east": {
          "uv": [
            2.5,
            4.5,
            3,
            6
          ],
          "texture": "#3"
        },
        "south": {
          "uv": [
            5.75,
            5.5,
            6,
            7
          ],
          "texture": "#3"
        },
        "west": {
          "uv": [
            3,
            4.5,
            3.5,
            6
          ],
          "texture": "#3"
        }
      }
    },
    {
      "from": [
        9.32839,
        -5.87123,
        6.96
      ],
      "to": [
        10.41039,
        0.21077,
        9.042
      ],
      "rotation": {
        "angle": 45,
        "axis": "z",
        "origin": [
          9.36939,
          0.16977,
          7.959
        ]
      },
      "faces": {
        "north": {
          "uv": [
            1.5,
            6,
            1.75,
            7.5
          ],
          "texture": "#3"
        },
        "east": {
          "uv": [
            3.5,
            4.5,
            4,
            6
          ],
          "texture": "#3"
        },
        "south": {
          "uv": [
            6,
            1.5,
            6.25,
            3
          ],
          "texture": "#3"
        },
        "west": {
          "uv": [
            4,
            4.5,
            4.5,
            6
          ],
          "texture": "#3"
        },
        "down": {
          "uv": [
            4,
            6.25,
            3.75,
            6.75
          ],
          "texture": "#3"
        }
      }
    },
    {
      "from": [
        9.32798,
        19.29023,
        6.96
      ],
      "to": [
        10.40798,
        25.37023,
        9.04
      ],
      "rotation": {
        "angle": -45,
        "axis": "z",
        "origin": [
          9.36798,
          19.33023,
          7.961
        ]
      },
      "faces": {
        "north": {
          "uv": [
            1.75,
            6,
            2,
            7.5
          ],
          "texture": "#3"
        },
        "east": {
          "uv": [
            4.5,
            4.5,
            5,
            6
          ],
          "texture": "#3"
        },
        "south": {
          "uv": [
            2,
            6,
            2.25,
            7.5
          ],
          "texture": "#3"
        },
        "west": {
          "uv": [
            5,
            1.5,
            5.5,
            3
          ],
          "texture": "#3"
        },
        "up": {
          "uv": [
            0.75,
            7,
            0.5,
            6.5
          ],
          "texture": "#3"
        }
      }
    },
    {
      "name": "string-high",
      "from": [
        13.43241,
        21.10301,
        8.5
      ],
      "to": [
        30.47241,
        22.14301,
        8.54
      ],
      "rotation": {
        "angle": -45,
        "axis": "z",
        "origin": [
          13.95241,
          21.62301,
          8.501
        ]
      },
      "faces": {
        "north": {
          "uv": [
            0,
            4.25,
            4.25,
            4.5
          ],
          "texture": "#3"
        },
        "south": {
          "uv": [
            4.25,
            4.25,
            8.5,
            4.5
          ],
          "texture": "#3"
        }
      }
    },
    {
      "name": "string-low",
      "from": [
        13.43241,
        -2.64301,
        8.52
      ],
      "to": [
        14.47241,
        14.39699,
        8.56
      ],
      "rotation": {
        "angle": -45,
        "axis": "z",
        "origin": [
          13.95241,
          -2.12301,
          8.502
        ]
      },
      "faces": {
        "north": {
          "uv": [
            0,
            4.5,
            0.25,
            8.75
          ],
          "texture": "#3"
        },
        "south": {
          "uv": [
            0.25,
            4.5,
            0.5,
            8.75
          ],
          "texture": "#3"
        }
      }
    },
    {
      "name": "arrow",
      "from": [
        7.43241,
        8.23,
        8.483
      ],
      "to": [
        27.47241,
        11.27,
        8.523
      ],
      "rotation": {
        "angle": 0,
        "axis": "y",
        "origin": [
          7.95241,
          9.87301,
          8.501
        ]
      },
      "faces": {
        "north": {
          "uv": [
            0,
            1.5,
            5,
            2.25
          ],
          "texture": "#3"
        },
        "south": {
          "uv": [
            0,
            2.25,
            5,
            3
          ],
          "texture": "#3"
        }
      }
    },
    {
      "from": [
        0.9,
        9.05,
        7.9
      ],
      "to": [
        1.5,
        10.45,
        9.3
      ],
      "rotation": {
        "angle": 0,
        "axis": "y",
        "origin": [
          2.4875,
          9.75,
          8.6
        ]
      },
      "faces": {
        "north": {
          "uv": [
            3.25,
            6.5,
            3,
            6.75
          ],
          "rotation": 180,
          "texture": "#3"
        },
        "east": {
          "uv": [
            6.5,
            2,
            6.75,
            2.25
          ],
          "rotation": 270,
          "texture": "#3"
        },
        "south": {
          "uv": [
            6.75,
            3,
            6.5,
            2.75
          ],
          "texture": "#3"
        },
        "west": {
          "uv": [
            6.5,
            2.5,
            6.75,
            2.75
          ],
          "rotation": 90,
          "texture": "#3"
        },
        "up": {
          "uv": [
            6.5,
            1.75,
            6.75,
            2
          ],
          "rotation": 180,
          "texture": "#3"
        },
        "down": {
          "uv": [
            6.5,
            2.25,
            6.75,
            2.5
          ],
          "texture": "#3"
        }
      }
    },
    {
      "from": [
        1.5,
        8.75,
        7.6
      ],
      "to": [
        7.45,
        10.75,
        9.6
      ],
      "rotation": {
        "angle": 0,
        "axis": "y",
        "origin": [
          2.4875,
          9.75,
          8.6
        ]
      },
      "faces": {
        "north": {
          "uv": [
            6.75,
            0.5,
            5.25,
            1
          ],
          "rotation": 180,
          "texture": "#3"
        },
        "east": {
          "uv": [
            5.25,
            3.75,
            5.75,
            4.25
          ],
          "rotation": 270,
          "texture": "#3"
        },
        "south": {
          "uv": [
            6.75,
            0.5,
            5.25,
            0
          ],
          "texture": "#3"
        },
        "west": {
          "uv": [
            4.25,
            6,
            4.75,
            6.5
          ],
          "rotation": 90,
          "texture": "#3"
        },
        "up": {
          "uv": [
            5,
            4.5,
            6.5,
            5
          ],
          "rotation": 180,
          "texture": "#3"
        },
        "down": {
          "uv": [
            5,
            5,
            6.5,
            5.5
          ],
          "texture": "#3"
        }
      }
    },
    {
      "from": [
        0.1,
        9.45,
        8.3
      ],
      "to": [
        0.9,
        10.05,
        8.9
      ],
      "rotation": {
        "angle": 0,
        "axis": "y",
        "origin": [
          2.4875,
          9.75,
          8.6
        ]
      },
      "faces": {
        "north": {
          "uv": [
            6.75,
            4.75,
            6.5,
            5
          ],
          "rotation": 180,
          "texture": "#3"
        },
        "east": {
          "uv": [
            3.5,
            6.5,
            3.75,
            6.75
          ],
          "rotation": 270,
          "texture": "#3"
        },
        "south": {
          "uv": [
            6.75,
            4.75,
            6.5,
            4.5
          ],
          "texture": "#3"
        },
        "west": {
          "uv": [
            4.5,
            6.5,
            4.75,
            6.75
          ],
          "rotation": 90,
          "texture": "#3"
        },
        "up": {
          "uv": [
            3.25,
            6.5,
            3.5,
            6.75
          ],
          "rotation": 180,
          "texture": "#3"
        },
        "down": {
          "uv": [
            4.25,
            6.5,
            4.5,
            6.75
          ],
          "texture": "#3"
        }
      }
    }
  ],
  "gui_light": "front"
}