{
  "display": {
    "thirdperson_righthand": {
      "translation": [
        0,
        4.5,
        0
      ],
      "scale": [
        1.3,
        1.3,
        1.3
      ]
    },
    "thirdperson_lefthand": {
      "translation": [
        0,
        4.5,
        0
      ],
      "scale": [
        1.3,
        1.3,
        1.3
      ]
    },
    "firstperson_righthand": {
      "translation": [
        -3.5,
        8.5,
        5.25
      ],
      "scale": [
        1.3,
        1.3,
        1.3
      ]
    },
    "firstperson_lefthand": {
      "translation": [
        -3.5,
        8.5,
        5.25
      ],
      "scale": [
        1.3,
        1.3,
        1.3
      ]
    },
    "ground": {
      "rotation": [
        0,
        0,
        90
      ],
      "translation": [
        -1.5,
        0,
        -1.75
      ]
    },
    "gui": {
      "rotation": [
        102.49,
        -56.87,
        83.81
      ],
      "translation": [
        -3.75,
        6.5,
        0
      ],
      "scale": [
        2.5,
        2.5,
        2.5
      ]
    }
  },
  "texture_size": [
    32,
    32
  ],
  "textures": {
    "1": "item/tools/crossbows/watergun_parts",
    "particle": "item/tools/crossbows/watergun_parts"
  },
  "elements": [
    {
      "from": [
        6.7,
        3.8,
        6.25
      ],
      "to": [
        9.3,
        6,
        10
      ],
      "faces": {
        "north": {
          "uv": [
            0.5,
            5.5,
            1.75,
            6.5
          ],
          "texture": "#1"
        },
        "east": {
          "uv": [
            3.5,
            2,
            5.5,
            3
          ],
          "texture": "#1"
        },
        "south": {
          "uv": [
            5.5,
            2,
            6.75,
            3
          ],
          "texture": "#1"
        },
        "west": {
          "uv": [
            3.5,
            3,
            5.5,
            4
          ],
          "texture": "#1"
        },
        "up": {
          "uv": [
            3.25,
            4,
            2,
            2
          ],
          "texture": "#1"
        },
        "down": {
          "uv": [
            4.75,
            0,
            3.5,
            2
          ],
          "texture": "#1"
        }
      }
    },
    {
      "from": [
        6.925,
        4.025,
        6.5
      ],
      "to": [
        9.075,
        5.775,
        9.75
      ],
      "faces": {
        "north": {
          "uv": [
            6.5,
            3,
            7.5,
            4
          ],
          "texture": "#1"
        },
        "east": {
          "uv": [
            2,
            4,
            3.75,
            5
          ],
          "texture": "#1"
        },
        "south": {
          "uv": [
            4,
            6.5,
            5,
            7.5
          ],
          "texture": "#1"
        },
        "west": {
          "uv": [
            4,
            4,
            5.75,
            5
          ],
          "texture": "#1"
        },
        "up": {
          "uv": [
            6,
            1.75,
            5,
            0
          ],
          "texture": "#1"
        },
        "down": {
          "uv": [
            3,
            5,
            2,
            6.75
          ],
          "texture": "#1"
        }
      }
    }
  ],
  "overrides": [
    {
      "predicate": {
        "pulling": 1
      },
      "model": "item/crossbow_pulling_0"
    },
    {
      "predicate": {
        "pulling": 1,
        "pull": 0.58
      },
      "model": "item/crossbow_pulling_1"
    },
    {
      "predicate": {
        "pulling": 1,
        "pull": 1
      },
      "model": "item/crossbow_pulling_2"
    },
    {
      "predicate": {
        "charged": 1
      },
      "model": "item/crossbow_arrow"
    },
    {
      "predicate": {
        "charged": 1,
        "firework": 1
      },
      "model": "item/crossbow_firework"
    }
  ]
}