{
  "display": {
    "thirdperson_righthand": {
      "translation": [
        0,
        2.5,
        0
      ],
      "scale": [
        1.3,
        1.3,
        1.3
      ]
    },
    "thirdperson_lefthand": {
      "translation": [
        0,
        2.5,
        0
      ],
      "scale": [
        1.3,
        1.3,
        1.3
      ]
    },
    "firstperson_righthand": {
      "translation": [
        -3.5,
        5.5,
        4.75
      ]
    },
    "firstperson_lefthand": {
      "translation": [
        -3.5,
        5.5,
        4.75
      ]
    },
    "ground": {
      "rotation": [
        0,
        0,
        90
      ],
      "translation": [
        -1.5,
        0,
        -1.75
      ]
    },
    "gui": {
      "rotation": [
        102.49,
        -56.87,
        83.81
      ],
      "translation": [
        0,
        3.5,
        0
      ],
      "scale": [
        2.3,
        2.3,
        2.3
      ]
    }
  },
  "texture_size": [
    32,
    32
  ],
  "textures": {
    "1": "item/tools/crossbows/watergun_parts",
    "particle": "item/tools/crossbows/watergun_parts"
  },
  "elements": [
    {
      "from": [
        7.25,
        6.75,
        7
      ],
      "to": [
        8.75,
        7.75,
        8.5
      ],
      "rotation": {
        "angle": 0,
        "axis": "y",
        "origin": [
          8,
          6.875,
          15.2125
        ]
      },
      "faces": {
        "north": {
          "uv": [
            6,
            1.5,
            6.75,
            2
          ],
          "texture": "#1"
        },
        "east": {
          "uv": [
            7.5,
            3,
            8.25,
            3.5
          ],
          "texture": "#1"
        },
        "south": {
          "uv": [
            3.5,
            7.5,
            4.25,
            8
          ],
          "texture": "#1"
        },
        "west": {
          "uv": [
            7.5,
            3.5,
            8.25,
            4
          ],
          "texture": "#1"
        },
        "up": {
          "uv": [
            7.75,
            4.75,
            7,
            4
          ],
          "texture": "#1"
        },
        "down": {
          "uv": [
            7.25,
            7,
            6.5,
            7.75
          ],
          "texture": "#1"
        }
      }
    },
    {
      "from": [
        7,
        5,
        8.5
      ],
      "to": [
        9,
        8,
        10
      ],
      "rotation": {
        "angle": 0,
        "axis": "y",
        "origin": [
          8,
          6.875,
          15.2125
        ]
      },
      "faces": {
        "north": {
          "uv": [
            3,
            5,
            4,
            6.5
          ],
          "texture": "#1"
        },
        "east": {
          "uv": [
            5.5,
            5,
            6.25,
            6.5
          ],
          "texture": "#1"
        },
        "south": {
          "uv": [
            4,
            5,
            5,
            6.5
          ],
          "texture": "#1"
        },
        "west": {
          "uv": [
            6,
            0,
            6.75,
            1.5
          ],
          "texture": "#1"
        },
        "up": {
          "uv": [
            8,
            1.75,
            7,
            1
          ],
          "texture": "#1"
        },
        "down": {
          "uv": [
            2.5,
            7,
            1.5,
            7.75
          ],
          "texture": "#1"
        }
      }
    },
    {
      "from": [
        7.8,
        7.05,
        10
      ],
      "to": [
        8.2,
        7.45,
        10.5
      ],
      "rotation": {
        "angle": 0,
        "axis": "y",
        "origin": [
          8,
          6.875,
          15.2125
        ]
      },
      "faces": {
        "north": {
          "uv": [
            8.5,
            7,
            8.75,
            7.25
          ],
          "texture": "#1"
        },
        "east": {
          "uv": [
            7.5,
            8.5,
            7.75,
            8.75
          ],
          "texture": "#1"
        },
        "south": {
          "uv": [
            8.5,
            7.5,
            8.75,
            7.75
          ],
          "texture": "#1"
        },
        "west": {
          "uv": [
            8,
            8.5,
            8.25,
            8.75
          ],
          "texture": "#1"
        },
        "up": {
          "uv": [
            8.75,
            8.25,
            8.5,
            8
          ],
          "texture": "#1"
        },
        "down": {
          "uv": [
            8.75,
            8.5,
            8.5,
            8.75
          ],
          "texture": "#1"
        }
      }
    },
    {
      "from": [
        7.55,
        6.8,
        10.5
      ],
      "to": [
        8.45,
        7.7,
        10.85
      ],
      "rotation": {
        "angle": 0,
        "axis": "y",
        "origin": [
          8,
          6.875,
          15.2125
        ]
      },
      "faces": {
        "north": {
          "uv": [
            8,
            0,
            8.5,
            0.5
          ],
          "texture": "#1"
        },
        "east": {
          "uv": [
            5.5,
            8,
            5.75,
            8.5
          ],
          "texture": "#1"
        },
        "south": {
          "uv": [
            8,
            0.5,
            8.5,
            1
          ],
          "texture": "#1"
        },
        "west": {
          "uv": [
            8,
            5.5,
            8.25,
            6
          ],
          "texture": "#1"
        },
        "up": {
          "uv": [
            6.5,
            8.25,
            6,
            8
          ],
          "texture": "#1"
        },
        "down": {
          "uv": [
            8.5,
            6,
            8,
            6.25
          ],
          "texture": "#1"
        }
      }
    }
  ],
  "overrides": [
    {
      "predicate": {
        "pulling": 1
      },
      "model": "item/crossbow_pulling_0"
    },
    {
      "predicate": {
        "pulling": 1,
        "pull": 0.58
      },
      "model": "item/crossbow_pulling_1"
    },
    {
      "predicate": {
        "pulling": 1,
        "pull": 1
      },
      "model": "item/crossbow_pulling_2"
    },
    {
      "predicate": {
        "charged": 1
      },
      "model": "item/crossbow_arrow"
    },
    {
      "predicate": {
        "charged": 1,
        "firework": 1
      },
      "model": "item/crossbow_firework"
    }
  ]
}