{
  "display": {
    "thirdperson_righthand": {
      "translation": [
        0,
        3.25,
        -3
      ],
      "scale": [
        1.3,
        1.3,
        1.3
      ]
    },
    "thirdperson_lefthand": {
      "translation": [
        0,
        3.25,
        -3
      ],
      "scale": [
        1.3,
        1.3,
        1.3
      ]
    },
    "firstperson_righthand": {
      "translation": [
        -3.5,
        7,
        2.5
      ]
    },
    "firstperson_lefthand": {
      "translation": [
        -3.5,
        7,
        2.5
      ]
    },
    "ground": {
      "rotation": [
        0,
        0,
        90
      ],
      "translation": [
        -1.5,
        0,
        -1.75
      ]
    },
    "gui": {
      "rotation": [
        102.49,
        -56.87,
        83.81
      ],
      "translation": [
        1.75,
        3,
        0
      ],
      "scale": [
        1.3,
        1.3,
        1.3
      ]
    }
  },
  "texture_size": [
    32,
    32
  ],
  "textures": {
    "2": "item/tools/crossbows/watergun_pulling_1"
  },
  "elements": [
    {
      "from": [
        7.25,
        6.75,
        13
      ],
      "to": [
        8.75,
        7.75,
        14.5
      ],
      "faces": {
        "north": {
          "uv": [
            6,
            1.5,
            6.75,
            2
          ],
          "texture": "#2"
        },
        "east": {
          "uv": [
            7.5,
            3,
            8.25,
            3.5
          ],
          "texture": "#2"
        },
        "south": {
          "uv": [
            3.5,
            7.5,
            4.25,
            8
          ],
          "texture": "#2"
        },
        "west": {
          "uv": [
            7.5,
            3.5,
            8.25,
            4
          ],
          "texture": "#2"
        },
        "up": {
          "uv": [
            7.75,
            4.75,
            7,
            4
          ],
          "texture": "#2"
        },
        "down": {
          "uv": [
            7.25,
            7,
            6.5,
            7.75
          ],
          "texture": "#2"
        }
      }
    },
    {
      "from": [
        7,
        5,
        14.5
      ],
      "to": [
        9,
        8,
        16
      ],
      "faces": {
        "north": {
          "uv": [
            3,
            5,
            4,
            6.5
          ],
          "texture": "#2"
        },
        "east": {
          "uv": [
            5.5,
            5,
            6.25,
            6.5
          ],
          "texture": "#2"
        },
        "south": {
          "uv": [
            4,
            5,
            5,
            6.5
          ],
          "texture": "#2"
        },
        "west": {
          "uv": [
            6,
            0,
            6.75,
            1.5
          ],
          "texture": "#2"
        },
        "up": {
          "uv": [
            8,
            1.75,
            7,
            1
          ],
          "texture": "#2"
        },
        "down": {
          "uv": [
            2.5,
            7,
            1.5,
            7.75
          ],
          "texture": "#2"
        }
      }
    },
    {
      "from": [
        7,
        6,
        6
      ],
      "to": [
        9,
        8,
        13
      ],
      "faces": {
        "north": {
          "uv": [
            0.5,
            6.5,
            1.5,
            7.5
          ],
          "texture": "#2"
        },
        "east": {
          "uv": [
            0,
            0,
            3.5,
            1
          ],
          "texture": "#2"
        },
        "south": {
          "uv": [
            3,
            6.5,
            4,
            7.5
          ],
          "texture": "#2"
        },
        "west": {
          "uv": [
            0,
            1,
            3.5,
            2
          ],
          "texture": "#2"
        },
        "up": {
          "uv": [
            1,
            5.5,
            0,
            2
          ],
          "texture": "#2"
        },
        "down": {
          "uv": [
            2,
            2,
            1,
            5.5
          ],
          "texture": "#2"
        }
      }
    },
    {
      "from": [
        6.7,
        3.8,
        6.25
      ],
      "to": [
        9.3,
        6,
        10
      ],
      "faces": {
        "north": {
          "uv": [
            0.5,
            5.5,
            1.75,
            6.5
          ],
          "texture": "#2"
        },
        "east": {
          "uv": [
            3.5,
            2,
            5.5,
            3
          ],
          "texture": "#2"
        },
        "south": {
          "uv": [
            5.5,
            2,
            6.75,
            3
          ],
          "texture": "#2"
        },
        "west": {
          "uv": [
            3.5,
            3,
            5.5,
            4
          ],
          "texture": "#2"
        },
        "up": {
          "uv": [
            3.25,
            4,
            2,
            2
          ],
          "texture": "#2"
        },
        "down": {
          "uv": [
            4.75,
            0,
            3.5,
            2
          ],
          "texture": "#2"
        }
      }
    },
    {
      "from": [
        7.5,
        4,
        11.5
      ],
      "to": [
        8.5,
        6,
        12.5
      ],
      "rotation": {
        "angle": -22.5,
        "axis": "x",
        "origin": [
          8,
          5,
          11
        ]
      },
      "faces": {
        "north": {
          "uv": [
            2.5,
            7,
            3,
            8
          ],
          "texture": "#2"
        },
        "east": {
          "uv": [
            0.5,
            7.5,
            1,
            8.5
          ],
          "texture": "#2"
        },
        "south": {
          "uv": [
            1,
            7.5,
            1.5,
            8.5
          ],
          "texture": "#2"
        },
        "west": {
          "uv": [
            3,
            7.5,
            3.5,
            8.5
          ],
          "texture": "#2"
        },
        "up": {
          "uv": [
            2,
            7,
            1.5,
            6.5
          ],
          "texture": "#2"
        },
        "down": {
          "uv": [
            8,
            6.5,
            7.5,
            7
          ],
          "texture": "#2"
        }
      }
    },
    {
      "from": [
        7.5,
        6.75,
        4.5
      ],
      "to": [
        8.5,
        7.75,
        6
      ],
      "faces": {
        "north": {
          "uv": [
            7.5,
            7,
            8,
            7.5
          ],
          "texture": "#2"
        },
        "east": {
          "uv": [
            7.5,
            5,
            8.25,
            5.5
          ],
          "texture": "#2"
        },
        "south": {
          "uv": [
            7.5,
            7.5,
            8,
            8
          ],
          "texture": "#2"
        },
        "west": {
          "uv": [
            5.5,
            7.5,
            6.25,
            8
          ],
          "texture": "#2"
        },
        "up": {
          "uv": [
            5,
            8.25,
            4.5,
            7.5
          ],
          "texture": "#2"
        },
        "down": {
          "uv": [
            8,
            5.5,
            7.5,
            6.25
          ],
          "texture": "#2"
        }
      }
    },
    {
      "from": [
        7.8,
        7.05,
        16
      ],
      "to": [
        8.2,
        7.45,
        16.5
      ],
      "rotation": {
        "angle": 0,
        "axis": "y",
        "origin": [
          8,
          5,
          13.2875
        ]
      },
      "faces": {
        "north": {
          "uv": [
            8.5,
            7,
            8.75,
            7.25
          ],
          "texture": "#2"
        },
        "east": {
          "uv": [
            7.5,
            8.5,
            7.75,
            8.75
          ],
          "texture": "#2"
        },
        "south": {
          "uv": [
            8.5,
            7.5,
            8.75,
            7.75
          ],
          "texture": "#2"
        },
        "west": {
          "uv": [
            8,
            8.5,
            8.25,
            8.75
          ],
          "texture": "#2"
        },
        "up": {
          "uv": [
            8.75,
            8.25,
            8.5,
            8
          ],
          "texture": "#2"
        },
        "down": {
          "uv": [
            8.75,
            8.5,
            8.5,
            8.75
          ],
          "texture": "#2"
        }
      }
    },
    {
      "from": [
        7.55,
        6.8,
        16.5
      ],
      "to": [
        8.45,
        7.7,
        16.85
      ],
      "rotation": {
        "angle": 0,
        "axis": "y",
        "origin": [
          8,
          5,
          13.2875
        ]
      },
      "faces": {
        "north": {
          "uv": [
            8,
            0,
            8.5,
            0.5
          ],
          "texture": "#2"
        },
        "east": {
          "uv": [
            5.5,
            8,
            5.75,
            8.5
          ],
          "texture": "#2"
        },
        "south": {
          "uv": [
            8,
            0.5,
            8.5,
            1
          ],
          "texture": "#2"
        },
        "west": {
          "uv": [
            8,
            5.5,
            8.25,
            6
          ],
          "texture": "#2"
        },
        "up": {
          "uv": [
            6.5,
            8.25,
            6,
            8
          ],
          "texture": "#2"
        },
        "down": {
          "uv": [
            8.5,
            6,
            8,
            6.25
          ],
          "texture": "#2"
        }
      }
    },
    {
      "from": [
        7.5,
        7.9,
        6.75
      ],
      "to": [
        8.5,
        8.15,
        12.25
      ],
      "faces": {
        "north": {
          "uv": [
            8,
            1,
            8.5,
            1.25
          ],
          "texture": "#2"
        },
        "east": {
          "uv": [
            7,
            2,
            9.75,
            2.25
          ],
          "texture": "#2"
        },
        "south": {
          "uv": [
            1.5,
            8,
            2,
            8.25
          ],
          "texture": "#2"
        },
        "west": {
          "uv": [
            7,
            2.5,
            9.75,
            2.75
          ],
          "texture": "#2"
        },
        "up": {
          "uv": [
            5.5,
            7.75,
            5,
            5
          ],
          "texture": "#2"
        },
        "down": {
          "uv": [
            0.5,
            5.5,
            0,
            8.25
          ],
          "texture": "#2"
        }
      }
    },
    {
      "from": [
        7.75,
        7.9,
        7.5
      ],
      "to": [
        8.25,
        8.4,
        8.5
      ],
      "faces": {
        "north": {
          "uv": [
            6.5,
            8,
            6.75,
            8.25
          ],
          "texture": "#2"
        },
        "east": {
          "uv": [
            8,
            1.5,
            8.5,
            1.75
          ],
          "texture": "#2"
        },
        "south": {
          "uv": [
            8,
            6.5,
            8.25,
            6.75
          ],
          "texture": "#2"
        },
        "west": {
          "uv": [
            2,
            8,
            2.5,
            8.25
          ],
          "texture": "#2"
        },
        "up": {
          "uv": [
            2.75,
            8.5,
            2.5,
            8
          ],
          "texture": "#2"
        },
        "down": {
          "uv": [
            3.75,
            8,
            3.5,
            8.5
          ],
          "texture": "#2"
        }
      }
    },
    {
      "from": [
        8.25,
        8.15,
        11.25
      ],
      "to": [
        8.5,
        8.4,
        11.5
      ],
      "faces": {
        "north": {
          "uv": [
            7,
            8,
            7.25,
            8.25
          ],
          "texture": "#2"
        },
        "east": {
          "uv": [
            8,
            7,
            8.25,
            7.25
          ],
          "texture": "#2"
        },
        "south": {
          "uv": [
            7.5,
            8,
            7.75,
            8.25
          ],
          "texture": "#2"
        },
        "west": {
          "uv": [
            8,
            7.5,
            8.25,
            7.75
          ],
          "texture": "#2"
        },
        "up": {
          "uv": [
            8.25,
            8.25,
            8,
            8
          ],
          "texture": "#2"
        },
        "down": {
          "uv": [
            0.25,
            8.5,
            0,
            8.75
          ],
          "texture": "#2"
        }
      }
    },
    {
      "from": [
        7.5,
        8.15,
        11.25
      ],
      "to": [
        7.75,
        8.4,
        11.5
      ],
      "faces": {
        "north": {
          "uv": [
            8.5,
            0,
            8.75,
            0.25
          ],
          "texture": "#2"
        },
        "east": {
          "uv": [
            0.5,
            8.5,
            0.75,
            8.75
          ],
          "texture": "#2"
        },
        "south": {
          "uv": [
            8.5,
            0.5,
            8.75,
            0.75
          ],
          "texture": "#2"
        },
        "west": {
          "uv": [
            1,
            8.5,
            1.25,
            8.75
          ],
          "texture": "#2"
        },
        "up": {
          "uv": [
            8.75,
            1.25,
            8.5,
            1
          ],
          "texture": "#2"
        },
        "down": {
          "uv": [
            1.75,
            8.5,
            1.5,
            8.75
          ],
          "texture": "#2"
        }
      }
    },
    {
      "from": [
        7.75,
        5.5,
        10.5
      ],
      "to": [
        8.25,
        6,
        10.75
      ],
      "faces": {
        "north": {
          "uv": [
            8.5,
            1.5,
            8.75,
            1.75
          ],
          "texture": "#2"
        },
        "east": {
          "uv": [
            2,
            8.5,
            2.25,
            8.75
          ],
          "texture": "#2"
        },
        "south": {
          "uv": [
            2.5,
            8.5,
            2.75,
            8.75
          ],
          "texture": "#2"
        },
        "west": {
          "uv": [
            3,
            8.5,
            3.25,
            8.75
          ],
          "texture": "#2"
        },
        "up": {
          "uv": [
            8.75,
            3.25,
            8.5,
            3
          ],
          "texture": "#2"
        },
        "down": {
          "uv": [
            3.75,
            8.5,
            3.5,
            8.75
          ],
          "texture": "#2"
        }
      }
    },
    {
      "from": [
        7.75,
        5.25,
        10.5
      ],
      "to": [
        8.25,
        5.5,
        11.5
      ],
      "rotation": {
        "angle": 0,
        "axis": "x",
        "origin": [
          8,
          5.25,
          11.375
        ]
      },
      "faces": {
        "north": {
          "uv": [
            8.5,
            3.5,
            8.75,
            3.75
          ],
          "texture": "#2"
        },
        "east": {
          "uv": [
            4,
            8,
            4.5,
            8.25
          ],
          "texture": "#2"
        },
        "south": {
          "uv": [
            4,
            8.5,
            4.25,
            8.75
          ],
          "texture": "#2"
        },
        "west": {
          "uv": [
            8,
            4,
            8.5,
            4.25
          ],
          "texture": "#2"
        },
        "up": {
          "uv": [
            8.25,
            5,
            8,
            4.5
          ],
          "texture": "#2"
        },
        "down": {
          "uv": [
            5.25,
            8,
            5,
            8.5
          ],
          "texture": "#2"
        }
      }
    },
    {
      "from": [
        7.75,
        5.5,
        11.25
      ],
      "to": [
        8.25,
        6,
        11.5
      ],
      "faces": {
        "north": {
          "uv": [
            8.5,
            4,
            8.75,
            4.25
          ],
          "texture": "#2"
        },
        "east": {
          "uv": [
            4.5,
            8.5,
            4.75,
            8.75
          ],
          "texture": "#2"
        },
        "south": {
          "uv": [
            8.5,
            4.5,
            8.75,
            4.75
          ],
          "texture": "#2"
        },
        "west": {
          "uv": [
            5,
            8.5,
            5.25,
            8.75
          ],
          "texture": "#2"
        },
        "up": {
          "uv": [
            8.75,
            5.25,
            8.5,
            5
          ],
          "texture": "#2"
        },
        "down": {
          "uv": [
            5.75,
            8.5,
            5.5,
            8.75
          ],
          "texture": "#2"
        }
      }
    },
    {
      "from": [
        7.9,
        5.675,
        11.025
      ],
      "to": [
        8.1,
        6.25,
        11.225
      ],
      "rotation": {
        "angle": 22.5,
        "axis": "x",
        "origin": [
          8,
          6,
          11.125
        ]
      },
      "faces": {
        "north": {
          "uv": [
            8.5,
            5.5,
            8.75,
            5.75
          ],
          "texture": "#2"
        },
        "east": {
          "uv": [
            6,
            8.5,
            6.25,
            8.75
          ],
          "texture": "#2"
        },
        "south": {
          "uv": [
            8.5,
            6,
            8.75,
            6.25
          ],
          "texture": "#2"
        },
        "west": {
          "uv": [
            6.5,
            8.5,
            6.75,
            8.75
          ],
          "texture": "#2"
        },
        "up": {
          "uv": [
            8.75,
            6.75,
            8.5,
            6.5
          ],
          "texture": "#2"
        },
        "down": {
          "uv": [
            7.25,
            8.5,
            7,
            8.75
          ],
          "texture": "#2"
        }
      }
    },
    {
      "from": [
        6.925,
        4.025,
        6.5
      ],
      "to": [
        9.075,
        5.775,
        9.75
      ],
      "faces": {
        "north": {
          "uv": [
            6.5,
            3,
            7.5,
            4
          ],
          "texture": "#2"
        },
        "east": {
          "uv": [
            2,
            4,
            3.75,
            5
          ],
          "texture": "#2"
        },
        "south": {
          "uv": [
            4,
            6.5,
            5,
            7.5
          ],
          "texture": "#2"
        },
        "west": {
          "uv": [
            4,
            4,
            5.75,
            5
          ],
          "texture": "#2"
        },
        "up": {
          "uv": [
            6,
            1.75,
            5,
            0
          ],
          "texture": "#2"
        },
        "down": {
          "uv": [
            3,
            5,
            2,
            6.75
          ],
          "texture": "#2"
        }
      }
    },
    {
      "from": [
        6.925,
        4.025,
        7.425
      ],
      "to": [
        9.075,
        5.775,
        7.425
      ],
      "faces": {
        "north": {
          "uv": [
            6.5,
            5,
            7.5,
            6
          ],
          "texture": "#2"
        },
        "east": {
          "uv": [
            0,
            0,
            0,
            1
          ],
          "texture": "#2"
        },
        "south": {
          "uv": [
            5.5,
            6.5,
            6.5,
            7.5
          ],
          "texture": "#2"
        },
        "west": {
          "uv": [
            0,
            0,
            0,
            1
          ],
          "texture": "#2"
        },
        "up": {
          "uv": [
            1,
            0,
            0,
            0
          ],
          "texture": "#2"
        },
        "down": {
          "uv": [
            1,
            0,
            0,
            0
          ],
          "texture": "#2"
        }
      }
    },
    {
      "from": [
        6.925,
        4.025,
        8.35
      ],
      "to": [
        9.075,
        5.775,
        8.35
      ],
      "faces": {
        "north": {
          "uv": [
            6.5,
            6,
            7.5,
            7
          ],
          "texture": "#2"
        },
        "east": {
          "uv": [
            0,
            0,
            0,
            1
          ],
          "texture": "#2"
        },
        "south": {
          "uv": [
            7,
            0,
            8,
            1
          ],
          "texture": "#2"
        },
        "west": {
          "uv": [
            0,
            0,
            0,
            1
          ],
          "texture": "#2"
        },
        "up": {
          "uv": [
            1,
            0,
            0,
            0
          ],
          "texture": "#2"
        },
        "down": {
          "uv": [
            1,
            0,
            0,
            0
          ],
          "texture": "#2"
        }
      }
    },
    {
      "from": [
        6.925,
        4.025,
        9.275
      ],
      "to": [
        9.075,
        5.775,
        9.275
      ],
      "faces": {
        "north": {
          "uv": [
            5.5,
            3,
            6.5,
            4
          ],
          "texture": "#2"
        },
        "east": {
          "uv": [
            0,
            0,
            0,
            1
          ],
          "texture": "#2"
        },
        "south": {
          "uv": [
            6,
            4,
            7,
            5
          ],
          "texture": "#2"
        },
        "west": {
          "uv": [
            0,
            0,
            0,
            1
          ],
          "texture": "#2"
        },
        "up": {
          "uv": [
            1,
            0,
            0,
            0
          ],
          "texture": "#2"
        },
        "down": {
          "uv": [
            1,
            0,
            0,
            0
          ],
          "texture": "#2"
        }
      }
    }
  ]
}