{
  "providers": [
    {
      "type": "bitmap",
      "file": "minecraft:font/nonlatin_european.png",
      "ascent": 7,
      "chars": [
        "¡‰­·₴≠¿×ØÞһðøþΑΒ",
        "ΓΔΕΖΗΘΙΚΛΜΝΞΟΠΡΣ",
        "ΤΥΦΧΨΩαβγδεζηθικ",
        "λμνξοπρςστυφχψωЂ",
        "ЅІЈЉЊЋАБВГДЕЖЗИК",
        "ЛМНОПРСТУФХЦЧШЩЪ",
        "ЫЬЭЮЯабвгдежзикл",
        "мнопрстуфхцчшщъы",
        "ьэюяєѕіјљњ–—‘’“”",
        "„…⁊←↑→↓⇄＋ƏəɛɪҮүӨ",
        "өʻˌ;ĸẞß₽€ѢѣѴѵӀѲѳ",
        "⁰¹³⁴⁵⁶⁷⁸⁹⁺⁻⁼⁽⁾ⁱ™",
        "ʔʕ⧈⚔☠ҚқҒғҰұӘәҖҗҢ",
        "ңҺאבגדהוזחטיכלמם",
        "נןסעפףצץקר¢¤¥©®µ",
        "¶¼½¾·‐‚†‡•‱′″‴‵‶",
        "‷‹›※‼‽⁂⁈⁉⁋⁎⁏⁑⁒⁗℗",
        "−∓∞☀☁☈Є☲☵☽♀♂⚥♠♣♥",
        "♦♩♪♫♬♭♮♯⚀⚁⚂⚃⚄⚅ʬ⚡",
        "⛏✔❄❌❤⭐⸘⸮⸵⸸⹁⹋⥝ᘔƐ߈",
        "ϛㄥⱯᗺƆᗡƎℲ⅁ꞰꞀԀꝹᴚ⟘∩",
        "Ʌ⅄ɐɔǝɟᵷɥᴉɾʞꞁɯɹʇʌ",
        "ʍʎԱԲԳԴԶԷԹԺԻԼԽԾԿՀ",
        "ՁՂՃՄՅՆՇՈՉՋՌՍՎՏՐՑ",
        "ՒՓՔՕՖՙաբգդեզէըթժ",
        "իլխծկհձղճմյնշոչպ",
        "ջռսվտրցւփքօֆևשתԸ",
        "՚՛՜՝՞՟ՠֈ֏¯ſƷʒǷƿȜ",
        "ȝȤȥ˙Ꝛꝛ‑⅋⏏⏩⏪⏭⏮⏯⏴⏵",
        "⏶⏷⏸⏹⏺⏻⏼⏽⭘▲▶▼◀●◦◘",
        "⚓⛨ĲĳǉꜨꜩꜹꜻﬀﬁﬂﬃﬅ�Ե",
        "Պᚠᚢᚣᚤᚥᚦᚧᚨᚩᚪᚫᚬᚭᚮᚯ",
        "ᚰᚱᚲᚳᚴᚶᚷᚸᚹᚺᚻᚼᚽᚾᚿᛀ",
        "ᛁᛂᛃᛄᛅᛆᛇᛈᛉᛊᛋᛌᛍᛎᛏᛐ",
        "ᛑᛒᛓᛔᛕᛖᛗᛘᛙᛚᛛᛜᛝᛞᛟᛠ",
        "ᛡᛢᛣᛤᛥᛦᛧᛨᛩᛪ᛫᛬᛭ᛮᛯᛰ",
        "ᛱᛲᛳᛴᛵᛶᛷᛸ☺☻¦☹ך׳״װ",
        "ױײ־׃׆´¨ᴀʙᴄᴅᴇꜰɢʜᴊ",
        "ᴋʟᴍɴᴏᴘꞯʀꜱᴛᴜᴠᴡʏᴢ§",
        "ɱɳɲʈɖɡʡɕʑɸʝʢɻʁɦʋ",
        "ɰɬɮʘǀǃǂǁɓɗᶑʄɠʛɧɫ",
        "ɨʉʊɘɵɤɜɞɑɒɚɝƁƉƑƩ",
        "ƲႠႡႢႣႤႥႦႧႨႩႪႫႬႭႮ",
        "ႯႰႱႲႳႴႵႶႷႸႹႺႻႼႽႾ",
        "ႿჀჁჂჃჄჅჇჍაბგდევზ",
        "თიკლმნოპჟრსტუფქღ",
        "ყშჩცძწჭხჯჰჱჲჳჴჵჶ",
        "ჷჸჹჺ჻ჼჽჾჿתּשׂפֿפּכּײַיִ",
        "וֹוּבֿבּꜧꜦɺⱱʠʗʖɭɷɿʅʆ",
        "ʓʚ₪₾֊ⴀⴁⴂⴃⴄⴅⴆⴡⴇⴈⴉ",
        "ⴊⴋⴌⴢⴍⴎⴏⴐⴑⴒⴣⴓⴔⴕⴖⴗ",
        "ⴘⴙⴚⴛⴜⴝⴞⴤⴟⴠⴥ⅛⅜⅝⅞⅓",
        "⅔✉☂☔☄⛄☃⌛⌚⚐✎❣♤♧♡♢",
        "⛈☰☱☳☴☶☷↔⇒⇏⇔⇵∀∃∄∉",
        "∋∌⊂⊃⊄⊅∧∨⊻⊼⊽∥≢⋆∑⊤",
        "⊥⊢⊨≔∁∴∵∛∜∂⋃⊆⊇□△▷",
        "▽◁◆◇○◎☆★✘₀₁₂₃₄₅₆",
        "₇₈₉₊₋₌₍₎∫∮∝⌀⌂⌘〒ɼ",
        "ƄƅẟȽƚƛȠƞƟƧƨƪƸƹƻƼ",
        "ƽƾȡȴȵȶȺⱥȻȼɆɇȾⱦɁɂ",
        "ɃɄɈɉɊɋɌɍɎɏẜẝỼỽỾỿ",
        "Ꞩꞩ𐌰𐌱𐌲𐌳𐌴𐌵𐌶𐌷𐌸𐌹𐌺𐌻𐌼𐌽",
        "𐌾𐌿𐍀𐍁𐍂𐍃𐍄𐍅𐍆𐍇𐍈𐍉𐍊🌧🔥🌊",
        "⅐⅑⅕⅖⅗⅙⅚⅟↉🗡🏹🪓🔱🎣🧪⚗",
        "⯪⯫Ɑ🛡\u0000\u0000\u0000\u0000\u0000\u0000\u0000\u0000\u0000\u0000\u0000\u0000"
      ]
    },
    {
      "type": "bitmap",
      "file": "minecraft:font/split.png",
      "ascent": -32768,
      "height": -3,
      "chars": [
        ""
      ]
    },
    {
      "type": "bitmap",
      "file": "minecraft:font/split.png",
      "ascent": -32768,
      "height": -4,
      "chars": [
        ""
      ]
    },
    {
      "type": "bitmap",
      "file": "minecraft:font/split.png",
      "ascent": -32768,
      "height": -5,
      "chars": [
        ""
      ]
    },
    {
      "type": "bitmap",
      "file": "minecraft:font/split.png",
      "ascent": -32768,
      "height": -6,
      "chars": [
        ""
      ]
    },
    {
      "type": "bitmap",
      "file": "minecraft:font/split.png",
      "ascent": -32768,
      "height": -7,
      "chars": [
        ""
      ]
    },
    {
      "type": "bitmap",
      "file": "minecraft:font/split.png",
      "ascent": -32768,
      "height": -8,
      "chars": [
        ""
      ]
    },
    {
      "type": "bitmap",
      "file": "minecraft:font/split.png",
      "ascent": -32768,
      "height": -9,
      "chars": [
        ""
      ]
    },
    {
      "type": "bitmap",
      "file": "minecraft:font/split.png",
      "ascent": -32768,
      "height": -10,
      "chars": [
        ""
      ]
    },
    {
      "type": "bitmap",
      "file": "minecraft:font/split.png",
      "ascent": -32768,
      "height": -18,
      "chars": [
        ""
      ]
    },
    {
      "type": "bitmap",
      "file": "minecraft:font/split.png",
      "ascent": -32768,
      "height": -34,
      "chars": [
        ""
      ]
    },
    {
      "type": "bitmap",
      "file": "minecraft:font/split.png",
      "ascent": -32768,
      "height": -66,
      "chars": [
        ""
      ]
    },
    {
      "type": "bitmap",
      "file": "minecraft:font/split.png",
      "ascent": -32768,
      "height": -130,
      "chars": [
        ""
      ]
    },
    {
      "type": "bitmap",
      "file": "minecraft:font/split.png",
      "ascent": -32768,
      "height": -258,
      "chars": [
        ""
      ]
    },
    {
      "type": "bitmap",
      "file": "minecraft:font/split.png",
      "ascent": -32768,
      "height": -514,
      "chars": [
        ""
      ]
    },
    {
      "type": "bitmap",
      "file": "minecraft:font/split.png",
      "ascent": -32768,
      "height": -1026,
      "chars": [
        ""
      ]
    },
    {
      "type": "bitmap",
      "file": "minecraft:font/split.png",
      "ascent": -65536,
      "height": -32770,
      "chars": [
        ""
      ]
    },
    {
      "type": "bitmap",
      "file": "minecraft:font/split.png",
      "ascent": -32768,
      "height": 0,
      "chars": [
        ""
      ]
    },
    {
      "type": "bitmap",
      "file": "minecraft:font/split.png",
      "ascent": -32768,
      "height": 1,
      "chars": [
        ""
      ]
    },
    {
      "type": "bitmap",
      "file": "minecraft:font/split.png",
      "ascent": -32768,
      "height": 2,
      "chars": [
        ""
      ]
    },
    {
      "type": "bitmap",
      "file": "minecraft:font/split.png",
      "ascent": -32768,
      "height": 3,
      "chars": [
        ""
      ]
    },
    {
      "type": "bitmap",
      "file": "minecraft:font/split.png",
      "ascent": -32768,
      "height": 4,
      "chars": [
        ""
      ]
    },
    {
      "type": "bitmap",
      "file": "minecraft:font/split.png",
      "ascent": -32768,
      "height": 5,
      "chars": [
        ""
      ]
    },
    {
      "type": "bitmap",
      "file": "minecraft:font/split.png",
      "ascent": -32768,
      "height": 6,
      "chars": [
        ""
      ]
    },
    {
      "type": "bitmap",
      "file": "minecraft:font/split.png",
      "ascent": -32768,
      "height": 7,
      "chars": [
        ""
      ]
    },
    {
      "type": "bitmap",
      "file": "minecraft:font/split.png",
      "ascent": -32768,
      "height": 15,
      "chars": [
        ""
      ]
    },
    {
      "type": "bitmap",
      "file": "minecraft:font/split.png",
      "ascent": -32768,
      "height": 31,
      "chars": [
        ""
      ]
    },
    {
      "type": "bitmap",
      "file": "minecraft:font/split.png",
      "ascent": -32768,
      "height": 63,
      "chars": [
        ""
      ]
    },
    {
      "type": "bitmap",
      "file": "minecraft:font/split.png",
      "ascent": -32768,
      "height": 127,
      "chars": [
        ""
      ]
    },
    {
      "type": "bitmap",
      "file": "minecraft:font/split.png",
      "ascent": -32768,
      "height": 255,
      "chars": [
        ""
      ]
    },
    {
      "type": "bitmap",
      "file": "minecraft:font/split.png",
      "ascent": -32768,
      "height": 511,
      "chars": [
        ""
      ]
    },
    {
      "type": "bitmap",
      "file": "minecraft:font/split.png",
      "ascent": -32768,
      "height": 1023,
      "chars": [
        ""
      ]
    },
    {
      "type": "bitmap",
      "file": "minecraft:font/split.png",
      "ascent": -65536,
      "height": 32767,
      "chars": [
        ""
      ]
    },
    {
      "type": "bitmap",
      "file": "minecraft:font/nosplit.png",
      "ascent": -32768,
      "height": -3,
      "chars": [
        ""
      ]
    },
    {
      "type": "bitmap",
      "file": "minecraft:font/nosplit.png",
      "ascent": -32768,
      "height": -4,
      "chars": [
        ""
      ]
    },
    {
      "type": "bitmap",
      "file": "minecraft:font/nosplit.png",
      "ascent": -32768,
      "height": -5,
      "chars": [
        ""
      ]
    },
    {
      "type": "bitmap",
      "file": "minecraft:font/nosplit.png",
      "ascent": -32768,
      "height": -6,
      "chars": [
        ""
      ]
    },
    {
      "type": "bitmap",
      "file": "minecraft:font/nosplit.png",
      "ascent": -32768,
      "height": -7,
      "chars": [
        ""
      ]
    },
    {
      "type": "bitmap",
      "file": "minecraft:font/nosplit.png",
      "ascent": -32768,
      "height": -8,
      "chars": [
        ""
      ]
    },
    {
      "type": "bitmap",
      "file": "minecraft:font/nosplit.png",
      "ascent": -32768,
      "height": -9,
      "chars": [
        ""
      ]
    },
    {
      "type": "bitmap",
      "file": "minecraft:font/nosplit.png",
      "ascent": -32768,
      "height": -10,
      "chars": [
        ""
      ]
    },
    {
      "type": "bitmap",
      "file": "minecraft:font/nosplit.png",
      "ascent": -32768,
      "height": -18,
      "chars": [
        ""
      ]
    },
    {
      "type": "bitmap",
      "file": "minecraft:font/nosplit.png",
      "ascent": -32768,
      "height": -34,
      "chars": [
        ""
      ]
    },
    {
      "type": "bitmap",
      "file": "minecraft:font/nosplit.png",
      "ascent": -32768,
      "height": -66,
      "chars": [
        ""
      ]
    },
    {
      "type": "bitmap",
      "file": "minecraft:font/nosplit.png",
      "ascent": -32768,
      "height": -130,
      "chars": [
        ""
      ]
    },
    {
      "type": "bitmap",
      "file": "minecraft:font/nosplit.png",
      "ascent": -32768,
      "height": -258,
      "chars": [
        ""
      ]
    },
    {
      "type": "bitmap",
      "file": "minecraft:font/nosplit.png",
      "ascent": -32768,
      "height": -514,
      "chars": [
        ""
      ]
    },
    {
      "type": "bitmap",
      "file": "minecraft:font/nosplit.png",
      "ascent": -32768,
      "height": -1026,
      "chars": [
        ""
      ]
    },
    {
      "type": "bitmap",
      "file": "minecraft:font/nosplit.png",
      "ascent": -65536,
      "height": -32770,
      "chars": [
        ""
      ]
    },
    {
      "type": "bitmap",
      "file": "minecraft:font/nosplit.png",
      "ascent": -32768,
      "height": 0,
      "chars": [
        ""
      ]
    },
    {
      "type": "bitmap",
      "file": "minecraft:font/nosplit.png",
      "ascent": -32768,
      "height": 1,
      "chars": [
        ""
      ]
    },
    {
      "type": "bitmap",
      "file": "minecraft:font/nosplit.png",
      "ascent": -32768,
      "height": 2,
      "chars": [
        ""
      ]
    },
    {
      "type": "bitmap",
      "file": "minecraft:font/nosplit.png",
      "ascent": -32768,
      "height": 3,
      "chars": [
        ""
      ]
    },
    {
      "type": "bitmap",
      "file": "minecraft:font/nosplit.png",
      "ascent": -32768,
      "height": 4,
      "chars": [
        ""
      ]
    },
    {
      "type": "bitmap",
      "file": "minecraft:font/nosplit.png",
      "ascent": -32768,
      "height": 5,
      "chars": [
        ""
      ]
    },
    {
      "type": "bitmap",
      "file": "minecraft:font/nosplit.png",
      "ascent": -32768,
      "height": 6,
      "chars": [
        ""
      ]
    },
    {
      "type": "bitmap",
      "file": "minecraft:font/nosplit.png",
      "ascent": -32768,
      "height": 7,
      "chars": [
        ""
      ]
    },
    {
      "type": "bitmap",
      "file": "minecraft:font/nosplit.png",
      "ascent": -32768,
      "height": 15,
      "chars": [
        ""
      ]
    },
    {
      "type": "bitmap",
      "file": "minecraft:font/nosplit.png",
      "ascent": -32768,
      "height": 31,
      "chars": [
        ""
      ]
    },
    {
      "type": "bitmap",
      "file": "minecraft:font/nosplit.png",
      "ascent": -32768,
      "height": 63,
      "chars": [
        ""
      ]
    },
    {
      "type": "bitmap",
      "file": "minecraft:font/nosplit.png",
      "ascent": -32768,
      "height": 127,
      "chars": [
        ""
      ]
    },
    {
      "type": "bitmap",
      "file": "minecraft:font/nosplit.png",
      "ascent": -32768,
      "height": 255,
      "chars": [
        ""
      ]
    },
    {
      "type": "bitmap",
      "file": "minecraft:font/nosplit.png",
      "ascent": -32768,
      "height": 511,
      "chars": [
        ""
      ]
    },
    {
      "type": "bitmap",
      "file": "minecraft:font/nosplit.png",
      "ascent": -32768,
      "height": 1023,
      "chars": [
        ""
      ]
    },
    {
      "type": "bitmap",
      "file": "minecraft:font/nosplit.png",
      "ascent": -65536,
      "height": 32767,
      "chars": [
        ""
      ]
    },
    {
      "file": "minecraft:font/emotes/bandage.png",
      "chars": [
        "丨"
      ],
      "height": 9,
      "ascent": 8,
      "type": "bitmap"
    },
    {
      "file": "minecraft:font/emotes/biceps.png",
      "chars": [
        "丆"
      ],
      "height": 9,
      "ascent": 8,
      "type": "bitmap"
    },
    {
      "file": "minecraft:font/emotes/blush.png",
      "chars": [
        "万"
      ],
      "height": 9,
      "ascent": 8,
      "type": "bitmap"
    },
    {
      "file": "minecraft:font/emotes/bye.png",
      "chars": [
        "丈"
      ],
      "height": 9,
      "ascent": 8,
      "type": "bitmap"
    },
    {
      "file": "minecraft:font/emotes/cold.png",
      "chars": [
        "三"
      ],
      "height": 9,
      "ascent": 8,
      "type": "bitmap"
    },
    {
      "file": "minecraft:font/emotes/dead.png",
      "chars": [
        "上"
      ],
      "height": 9,
      "ascent": 8,
      "type": "bitmap"
    },
    {
      "file": "minecraft:font/emotes/evil.png",
      "chars": [
        "下"
      ],
      "height": 9,
      "ascent": 8,
      "type": "bitmap"
    },
    {
      "file": "minecraft:font/emotes/ez.png",
      "chars": [
        "亐"
      ],
      "height": 9,
      "ascent": 8,
      "type": "bitmap"
    },
    {
      "file": "minecraft:font/emotes/fire.png",
      "chars": [
        "卄"
      ],
      "height": 9,
      "ascent": 8,
      "type": "bitmap"
    },
    {
      "file": "minecraft:font/emotes/heart.png",
      "chars": [
        "不"
      ],
      "height": 9,
      "ascent": 8,
      "type": "bitmap"
    },
    {
      "file": "minecraft:font/emotes/heart1.png",
      "chars": [
        "与"
      ],
      "height": 9,
      "ascent": 8,
      "type": "bitmap"
    },
    {
      "file": "minecraft:font/emotes/hehe.png",
      "chars": [
        "丏"
      ],
      "height": 9,
      "ascent": 8,
      "type": "bitmap"
    },
    {
      "file": "minecraft:font/emotes/kappa.png",
      "chars": [
        "丐"
      ],
      "height": 9,
      "ascent": 8,
      "type": "bitmap"
    },
    {
      "file": "minecraft:font/emotes/kekw.png",
      "chars": [
        "丑"
      ],
      "height": 9,
      "ascent": 8,
      "type": "bitmap"
    },
    {
      "file": "minecraft:font/emotes/kiss.png",
      "chars": [
        "专"
      ],
      "height": 9,
      "ascent": 8,
      "type": "bitmap"
    },
    {
      "file": "minecraft:font/emotes/laugh.png",
      "chars": [
        "丗"
      ],
      "height": 9,
      "ascent": 8,
      "type": "bitmap"
    },
    {
      "file": "minecraft:font/emotes/mad.png",
      "chars": [
        "且"
      ],
      "height": 9,
      "ascent": 8,
      "type": "bitmap"
    },
    {
      "file": "minecraft:font/emotes/monkas.png",
      "chars": [
        "丕"
      ],
      "height": 9,
      "ascent": 8,
      "type": "bitmap"
    },
    {
      "file": "minecraft:font/emotes/nerd.png",
      "chars": [
        "世"
      ],
      "height": 9,
      "ascent": 8,
      "type": "bitmap"
    },
    {
      "file": "minecraft:font/emotes/neutral.png",
      "chars": [
        "丘"
      ],
      "height": 9,
      "ascent": 8,
      "type": "bitmap"
    },
    {
      "file": "minecraft:font/emotes/nitro.png",
      "chars": [
        "丙"
      ],
      "height": 9,
      "ascent": 8,
      "type": "bitmap"
    },
    {
      "file": "minecraft:font/emotes/party.png",
      "chars": [
        "业"
      ],
      "height": 9,
      "ascent": 8,
      "type": "bitmap"
    },
    {
      "file": "minecraft:font/emotes/please.png",
      "chars": [
        "丛"
      ],
      "height": 9,
      "ascent": 8,
      "type": "bitmap"
    },
    {
      "file": "minecraft:font/emotes/question.png",
      "chars": [
        "东"
      ],
      "height": 9,
      "ascent": 8,
      "type": "bitmap"
    },
    {
      "file": "minecraft:font/emotes/sadge.png",
      "chars": [
        "丝"
      ],
      "height": 9,
      "ascent": 8,
      "type": "bitmap"
    },
    {
      "file": "minecraft:font/emotes/shh.png",
      "chars": [
        "㐀"
      ],
      "height": 9,
      "ascent": 8,
      "type": "bitmap"
    },
    {
      "file": "minecraft:font/emotes/skull.png",
      "chars": [
        "丞"
      ],
      "height": 9,
      "ascent": 8,
      "type": "bitmap"
    },
    {
      "file": "minecraft:font/emotes/sunglasses.png",
      "chars": [
        "丠"
      ],
      "height": 9,
      "ascent": 8,
      "type": "bitmap"
    },
    {
      "file": "minecraft:font/emotes/think.png",
      "chars": [
        "両"
      ],
      "height": 9,
      "ascent": 8,
      "type": "bitmap"
    },
    {
      "file": "minecraft:font/emotes/troll.png",
      "chars": [
        "丢"
      ],
      "height": 9,
      "ascent": 8,
      "type": "bitmap"
    },
    {
      "file": "minecraft:font/emotes/what.png",
      "chars": [
        "㐁"
      ],
      "height": 9,
      "ascent": 8,
      "type": "bitmap"
    },
    {
      "file": "minecraft:font/emotes/wink.png",
      "chars": [
        "㐂"
      ],
      "height": 9,
      "ascent": 8,
      "type": "bitmap"
    },
    {
      "file": "minecraft:font/emotes/write.png",
      "chars": [
        "丣"
      ],
      "height": 9,
      "ascent": 8,
      "type": "bitmap"
    },
    {
      "file": "minecraft:font/emotes/yawn.png",
      "chars": [
        "两"
      ],
      "height": 9,
      "ascent": 8,
      "type": "bitmap"
    },
    {
      "type": "bitmap",
      "file": "minecraft:font/gui/astronaut.png",
      "height": 93,
      "ascent": 59,
      "chars": [
        "襦"
      ]
    },
    {
      "type": "bitmap",
      "file": "minecraft:font/gui/christmas_pass.png",
      "height": 132,
      "ascent": 44,
      "chars": [
        "阘"
      ]
    },
    {
      "type": "bitmap",
      "file": "minecraft:font/gui/battlepass_status.png",
      "height": 16,
      "ascent": -23,
      "chars": [
        "裾",
        "闳",
        "阉"
      ]
    },
    {
      "type": "bitmap",
      "file": "minecraft:font/gui/battlepass_status.png",
      "height": 16,
      "ascent": -59,
      "chars": [
        "阋",
        "初",
        "阔"
      ]
    },
    {
      "type": "bitmap",
      "file": "minecraft:font/gui/chest_preview.png",
      "height": 128,
      "ascent": 22,
      "chars": [
        "裱"
      ]
    },
    {
      "type": "bitmap",
      "file": "minecraft:font/gui/chest_roll.png",
      "height": 87,
      "ascent": 38,
      "chars": [
        "厕"
      ]
    },
    {
      "type": "bitmap",
      "file": "minecraft:font/gui/rapybox_preview.png",
      "height": 113,
      "ascent": 42,
      "chars": [
        "璬"
      ]
    },
    {
      "type": "bitmap",
      "file": "minecraft:font/gui/rune_roll.png",
      "height": 95,
      "ascent": 46,
      "chars": [
        "袆"
      ]
    },
    {
      "type": "bitmap",
      "file": "minecraft:font/gui/market_1.png",
      "height": 110,
      "ascent": 22,
      "chars": [
        "由"
      ]
    },
    {
      "type": "bitmap",
      "file": "minecraft:font/gui/market_2.png",
      "height": 110,
      "ascent": 22,
      "chars": [
        "鸩"
      ]
    },
	{
      "type": "bitmap",
      "file": "minecraft:font/gui/market_3.png",
      "height": 116,
      "ascent": 22,
      "chars": [
        "胤"
      ]
    },
    {
      "type": "bitmap",
      "file": "minecraft:font/gui/upgrade_1.png",
      "height": 112,
      "ascent": 24,
      "chars": [
        "阅"
      ]
    },
    {
      "type": "bitmap",
      "file": "minecraft:font/gui/upgrade_1_status.png",
      "height": 16,
      "ascent": -5,
      "chars": [
        "闽",
        "裙"
      ]
    },
    {
      "type": "bitmap",
      "file": "minecraft:font/gui/upgrade_1_status.png",
      "height": 16,
      "ascent": -23,
      "chars": [
        "阗",
        "阇"
      ]
    },
    {
      "type": "bitmap",
      "file": "minecraft:font/gui/upgrade_1_status.png",
      "height": 16,
      "ascent": -41,
      "chars": [
        "阁",
        "阍"
      ]
    },
    {
      "type": "bitmap",
      "file": "minecraft:font/gui/upgrade_1_status.png",
      "height": 16,
      "ascent": -59,
      "chars": [
        "闺",
        "阖"
      ]
    },
    {
      "type": "bitmap",
      "file": "minecraft:font/gui/wings_menu.png",
      "height": 92,
      "ascent": 22,
      "chars": [
        "甭"
      ]
    },
	{
      "type": "bitmap",
      "file": "minecraft:font/gui/maniek.png",
      "height": 113,
      "ascent": 42,
      "chars": [
        "义"
      ]
    },
	{
      "type": "bitmap",
      "file": "minecraft:font/gui/shop_gem.png",
      "height": 75,
      "ascent": 22,
      "chars": [
        "乌"
      ]
    },
	{
      "type": "bitmap",
      "file": "minecraft:font/gui/small_calendar.png",
      "height": 170,
      "ascent": 45,
      "chars": [
        "㐅"
      ]
    },
	{
      "type": "bitmap",
      "file": "minecraft:font/gui/medium_calendar.png",
      "height": 197,
      "ascent": 72,
      "chars": [
        "乄"
      ]
    },
	{
      "type": "bitmap",
      "file": "minecraft:font/gui/large_calendar.png",
      "height": 197,
      "ascent": 72,
      "chars": [
        "乂"
      ]
    },
	{
      "type": "bitmap",
      "file": "minecraft:font/gui/advent_tasks.png",
      "height": 178,
      "ascent": 53,
      "chars": [
        "丹"
      ]
    },
	{
      "type": "bitmap",
      "file": "minecraft:font/gui/event_character.png",
      "height": 105,
      "ascent": 34,
      "chars": [
        "中"
      ]
    },
    {
      "type": "bitmap",
      "file": "minecraft:font/logo/rapy.png",
      "height": 75,
      "ascent": 25,
      "chars": [
        "间"
      ]
    },
    {
      "type": "bitmap",
      "file": "minecraft:font/logo/rapy_black.png",
      "height": 75,
      "ascent": 25,
      "chars": [
        "冂"
      ]
    },
    {
      "type": "bitmap",
      "file": "minecraft:font/logo/rapy_white.png",
      "height": 9,
      "ascent": 8,
      "chars": [
        "裎"
      ]
    },
    {
      "type": "bitmap",
      "file": "minecraft:font/logo/rapy_white.png",
      "height": 18,
      "ascent": 16,
      "chars": [
        "胄"
      ]
    },
    {
      "type": "bitmap",
      "file": "minecraft:font/logo/rapy_white.png",
      "height": 40,
      "ascent": 0,
      "chars": [
        "阑"
      ]
    },
    {
      "type": "bitmap",
      "file": "minecraft:font/icons/scoreboard_channel.png",
      "height": 8,
      "ascent": 8,
      "chars": [
        "忠"
      ]
    },
    {
      "type": "bitmap",
      "file": "minecraft:font/icons/scoreboard_channel_arrow.png",
      "height": 8,
      "ascent": 8,
      "chars": [
        "阚"
      ]
    },
    {
      "type": "bitmap",
      "file": "minecraft:font/icons/scoreboard_deaths.png",
      "height": 8,
      "ascent": 8,
      "chars": [
        "闰"
      ]
    },
    {
      "type": "bitmap",
      "file": "minecraft:font/icons/ghost.png",
      "height": 8,
      "ascent": 8,
      "chars": [
        "丽"
      ]
    },
    {
      "type": "bitmap",
      "file": "minecraft:font/icons/scoreboard_generator.png",
      "height": 8,
      "ascent": 8,
      "chars": [
        "阏"
      ]
    },
    {
      "type": "bitmap",
      "file": "minecraft:font/icons/scoreboard_guild.png",
      "height": 8,
      "ascent": 8,
      "chars": [
        "闫"
      ]
    },
    {
      "type": "bitmap",
      "file": "minecraft:font/icons/scoreboard_heart.png",
      "height": 8,
      "ascent": 8,
      "chars": [
        "闷"
      ]
    },
    {
      "type": "bitmap",
      "file": "minecraft:font/icons/scoreboard_island.png",
      "height": 8,
      "ascent": 8,
      "chars": [
        "阂"
      ]
    },
    {
      "type": "bitmap",
      "file": "minecraft:font/icons/scoreboard_kills.png",
      "height": 8,
      "ascent": 8,
      "chars": [
        "聿"
      ]
    },
    {
      "type": "bitmap",
      "file": "minecraft:font/icons/scoreboard_level_1.png",
      "height": 8,
      "ascent": 8,
      "chars": [
        "袍"
      ]
    },
    {
      "type": "bitmap",
      "file": "minecraft:font/icons/scoreboard_level_2.png",
      "height": 8,
      "ascent": 8,
      "chars": [
        "阕"
      ]
    },
    {
      "type": "bitmap",
      "file": "minecraft:font/icons/scoreboard_level_3.png",
      "height": 8,
      "ascent": 8,
      "chars": [
        "闯"
      ]
    },
    {
      "type": "bitmap",
      "file": "minecraft:font/icons/scoreboard_level_4.png",
      "height": 8,
      "ascent": 8,
      "chars": [
        "阄"
      ]
    },
    {
      "type": "bitmap",
      "file": "minecraft:font/icons/scoreboard_level_5.png",
      "height": 8,
      "ascent": 8,
      "chars": [
        "闪"
      ]
    },
    {
      "type": "bitmap",
      "file": "minecraft:font/icons/scoreboard_level_6.png",
      "height": 8,
      "ascent": 8,
      "chars": [
        "阀"
      ]
    },
  {
      "type": "bitmap",
      "file": "minecraft:font/icons/scoreboard_members.png",
      "height": 8,
      "ascent": 8,
      "chars": [
        "问"
      ]
    },
    {
      "type": "bitmap",
      "file": "minecraft:font/icons/scoreboard_money.png",
      "height": 8,
      "ascent": 8,
      "chars": [
        "闬"
      ]
    },
    {
      "type": "bitmap",
      "file": "minecraft:font/icons/scoreboard_player.png",
      "height": 8,
      "ascent": 8,
      "chars": [
        "背"
      ]
    },
    {
      "type": "bitmap",
      "file": "minecraft:font/icons/scoreboard_points.png",
      "height": 8,
      "ascent": 8,
      "chars": [
        "袖"
      ]
    },
    {
      "type": "bitmap",
      "file": "minecraft:font/icons/scoreboard_rank.png",
      "height": 8,
      "ascent": 8,
      "chars": [
        "冀"
      ]
    },
    {
      "type": "bitmap",
      "file": "minecraft:font/icons/scoreboard_time.png",
      "height": 8,
      "ascent": 8,
      "chars": [
        "韭"
      ]
    },
    {
      "type": "bitmap",
      "file": "minecraft:font/icons/scoreboard_top.png",
      "height": 8,
      "ascent": 8,
      "chars": [
        "阎"
      ]
    },
    {
      "type": "bitmap",
      "file": "minecraft:font/icons/weapon_lvl.png",
      "height": 8,
      "ascent": 8,
      "chars": [
        "褡"
      ]
    },
	{
      "type": "bitmap",
      "file": "minecraft:font/icons/gem.png",
      "height": 8,
      "ascent": 8,
      "chars": [
        "乊"
      ]
    },
	{
      "type": "bitmap",
      "file": "minecraft:font/icons/gray_snowflake.png",
      "height": 8,
      "ascent": 8,
      "chars": [
        "丼"
      ]
    },
	{
      "type": "bitmap",
      "file": "minecraft:font/icons/gold_snowflake.png",
      "height": 8,
      "ascent": 8,
      "chars": [
        "举"
      ]
    },
    {
      "type": "bitmap",
      "file": "minecraft:font/icons/zombie.png",
      "height": 8,
      "ascent": 8,
      "chars": [
        "乖"
      ]
    },
    {
      "type": "bitmap",
      "file": "minecraft:font/icons/skeleton.png",
      "height": 8,
      "ascent": 8,
      "chars": [
        "乗"
      ]
    },
    {
      "type": "bitmap",
      "file": "minecraft:font/icons/demon.png",
      "height": 8,
      "ascent": 8,
      "chars": [
        "乘"
      ]
    },
    {
      "type": "bitmap",
      "file": "minecraft:font/icons2/skeleton.png",
      "height": 9,
      "ascent": 8,
      "chars": [
        "乒"
      ]
    },
    {
      "type": "bitmap",
      "file": "minecraft:font/icons2/zombie.png",
      "height": 9,
      "ascent": 8,
      "chars": [
        "乓"
      ]
    },
    {
      "type": "bitmap",
      "file": "minecraft:font/icons2/demon.png",
      "height": 9,
      "ascent": 8,
      "chars": [
        "乔"
      ]
    }
  ]
}