{
  "display": {
    "thirdperson_righthand": {
      "rotation": [
        45.25,
        0,
        0
      ],
      "translation": [
        0,
        0.75,
        3
      ],
      "scale": [
        0.75,
        0.75,
        0.75
      ]
    },
    "thirdperson_lefthand": {
      "rotation": [
        45.25,
        0,
        0
      ],
      "translation": [
        0,
        0.75,
        3
      ],
      "scale": [
        0.75,
        0.75,
        0.75
      ]
    },
    "firstperson_righthand": {
      "rotation": [
        0,
        -49.75,
        0
      ],
      "translation": [
        0.5,
        3.75,
        2
      ],
      "scale": [
        0.65,
        0.65,
        0.65
      ]
    },
    "firstperson_lefthand": {
      "rotation": [
        0,
        -49.75,
        0
      ],
      "translation": [
        0.5,
        3.75,
        2
      ],
      "scale": [
        0.65,
        0.65,
        0.65
      ]
    },
    "ground": {
      "translation": [
        0,
        4.5,
        0
      ]
    },
    "gui": {
      "rotation": [
        30,
        225,
        0
      ],
      "translation": [
        -1.25,
        1.5,
        0
      ],
      "scale": [
        0.85,
        0.85,
        0.85
      ]
    },
    "head": {
      "translation": [
        0,
        18.5,
        3
      ],
      "scale": [
        1.5,
        1.5,
        1.5
      ]
    },
    "fixed": {
      "rotation": [
        -90,
        90,
        0
      ],
      "translation": [
        8,
        0,
        -32
      ],
      "scale": [
        4,
        4,
        4
      ]
    }
  },
  "texture_size": [
    8,
    8
  ],
  "textures": {
    "0": "item/special_items/trophy_gold",
    "particle": "item/special_items/trophy_gold"
  },
  "elements": [
    {
      "from": [
        4.4,
        0,
        2.4
      ],
      "to": [
        11.6,
        0.8,
        9.6
      ],
      "rotation": {
        "angle": 0,
        "axis": "y",
        "origin": [
          6,
          0,
          4
        ]
      },
      "faces": {
        "north": {
          "uv": [
            6.5,
            3.5,
            8.5,
            3.75
          ],
          "texture": "#0"
        },
        "east": {
          "uv": [
            6.5,
            4,
            8.5,
            4.25
          ],
          "texture": "#0"
        },
        "south": {
          "uv": [
            6.5,
            4.5,
            8.5,
            4.75
          ],
          "texture": "#0"
        },
        "west": {
          "uv": [
            6.5,
            5,
            8.5,
            5.25
          ],
          "texture": "#0"
        },
        "up": {
          "uv": [
            2,
            2,
            0,
            0
          ],
          "texture": "#0"
        },
        "down": {
          "uv": [
            2,
            2,
            0,
            4
          ],
          "texture": "#0"
        }
      }
    },
    {
      "from": [
        5.6,
        0.8,
        3.6
      ],
      "to": [
        10.4,
        2.4,
        8.4
      ],
      "rotation": {
        "angle": 45,
        "axis": "y",
        "origin": [
          8,
          1.6,
          6
        ]
      },
      "faces": {
        "north": {
          "uv": [
            5.5,
            1.5,
            7,
            2
          ],
          "texture": "#0"
        },
        "east": {
          "uv": [
            5.5,
            2,
            7,
            2.5
          ],
          "texture": "#0"
        },
        "south": {
          "uv": [
            5.5,
            2.5,
            7,
            3
          ],
          "texture": "#0"
        },
        "west": {
          "uv": [
            5.5,
            3,
            7,
            3.5
          ],
          "texture": "#0"
        },
        "up": {
          "uv": [
            5.5,
            1.5,
            4,
            0
          ],
          "texture": "#0"
        },
        "down": {
          "uv": [
            5.5,
            1.5,
            4,
            3
          ],
          "texture": "#0"
        }
      }
    },
    {
      "from": [
        6.5,
        2.4,
        4.5
      ],
      "to": [
        9.5,
        5.9,
        7.5
      ],
      "rotation": {
        "angle": 0,
        "axis": "y",
        "origin": [
          8,
          4.15,
          6
        ]
      },
      "faces": {
        "north": {
          "uv": [
            5.5,
            3.5,
            6.25,
            4.5
          ],
          "texture": "#0"
        },
        "east": {
          "uv": [
            1.5,
            6,
            2.25,
            7
          ],
          "texture": "#0"
        },
        "south": {
          "uv": [
            2.5,
            6,
            3.25,
            7
          ],
          "texture": "#0"
        },
        "west": {
          "uv": [
            3.5,
            6,
            4.25,
            7
          ],
          "texture": "#0"
        },
        "up": {
          "uv": [
            5.25,
            6.75,
            4.5,
            6
          ],
          "texture": "#0"
        },
        "down": {
          "uv": [
            6.25,
            6,
            5.5,
            6.75
          ],
          "texture": "#0"
        }
      }
    },
    {
      "from": [
        5.5,
        5.8,
        3.5
      ],
      "to": [
        10.5,
        6.8,
        8.5
      ],
      "rotation": {
        "angle": 0,
        "axis": "y",
        "origin": [
          8,
          6.3,
          6
        ]
      },
      "faces": {
        "north": {
          "uv": [
            4.5,
            7,
            5.75,
            7.25
          ],
          "texture": "#0"
        },
        "east": {
          "uv": [
            7,
            5.5,
            8.25,
            5.75
          ],
          "texture": "#0"
        },
        "south": {
          "uv": [
            7,
            6,
            8.25,
            6.25
          ],
          "texture": "#0"
        },
        "west": {
          "uv": [
            7,
            6.5,
            8.25,
            6.75
          ],
          "texture": "#0"
        },
        "up": {
          "uv": [
            1.25,
            6.75,
            0,
            5.5
          ],
          "texture": "#0"
        },
        "down": {
          "uv": [
            6.75,
            0,
            5.5,
            1.25
          ],
          "texture": "#0"
        }
      }
    },
    {
      "from": [
        4.5,
        6.8,
        2.5
      ],
      "to": [
        5.5,
        12.8,
        9.5
      ],
      "rotation": {
        "angle": 0,
        "axis": "y",
        "origin": [
          34,
          30.8,
          31
        ]
      },
      "faces": {
        "north": {
          "uv": [
            1,
            7,
            1.25,
            8.5
          ],
          "texture": "#0"
        },
        "east": {
          "uv": [
            2,
            0,
            3.75,
            1.5
          ],
          "texture": "#0"
        },
        "south": {
          "uv": [
            1.5,
            7,
            1.75,
            8.5
          ],
          "texture": "#0"
        },
        "west": {
          "uv": [
            2,
            1.5,
            3.75,
            3
          ],
          "texture": "#0"
        },
        "up": {
          "uv": [
            6.75,
            7.25,
            6.5,
            5.5
          ],
          "texture": "#0"
        },
        "down": {
          "uv": [
            0.25,
            7,
            0,
            8.75
          ],
          "texture": "#0"
        }
      }
    },
    {
      "from": [
        10.5,
        6.8,
        2.5
      ],
      "to": [
        11.5,
        12.8,
        9.5
      ],
      "rotation": {
        "angle": 0,
        "axis": "y",
        "origin": [
          40,
          30.8,
          31
        ]
      },
      "faces": {
        "north": {
          "uv": [
            2,
            7,
            2.25,
            8.5
          ],
          "texture": "#0"
        },
        "east": {
          "uv": [
            2,
            3,
            3.75,
            4.5
          ],
          "texture": "#0"
        },
        "south": {
          "uv": [
            7,
            2,
            7.25,
            3.5
          ],
          "texture": "#0"
        },
        "west": {
          "uv": [
            0,
            4,
            1.75,
            5.5
          ],
          "texture": "#0"
        },
        "up": {
          "uv": [
            7.25,
            1.75,
            7,
            0
          ],
          "texture": "#0"
        },
        "down": {
          "uv": [
            0.75,
            7,
            0.5,
            8.75
          ],
          "texture": "#0"
        }
      }
    },
    {
      "from": [
        5.5,
        6.8,
        8.5
      ],
      "to": [
        10.5,
        12.8,
        9.5
      ],
      "rotation": {
        "angle": 0,
        "axis": "y",
        "origin": [
          8,
          8.8,
          9
        ]
      },
      "faces": {
        "north": {
          "uv": [
            4,
            3,
            5.25,
            4.5
          ],
          "texture": "#0"
        },
        "east": {
          "uv": [
            2.5,
            7,
            2.75,
            8.5
          ],
          "texture": "#0"
        },
        "south": {
          "uv": [
            2,
            4.5,
            3.25,
            6
          ],
          "texture": "#0"
        },
        "west": {
          "uv": [
            3,
            7,
            3.25,
            8.5
          ],
          "texture": "#0"
        },
        "up": {
          "uv": [
            8.25,
            7.25,
            7,
            7
          ],
          "texture": "#0"
        },
        "down": {
          "uv": [
            8.75,
            0,
            7.5,
            0.25
          ],
          "texture": "#0"
        }
      }
    },
    {
      "from": [
        5.5,
        6.8,
        2.5
      ],
      "to": [
        10.5,
        12.8,
        3.5
      ],
      "rotation": {
        "angle": 0,
        "axis": "y",
        "origin": [
          8,
          8.8,
          3
        ]
      },
      "faces": {
        "north": {
          "uv": [
            3.5,
            4.5,
            4.75,
            6
          ],
          "texture": "#0"
        },
        "east": {
          "uv": [
            3.5,
            7,
            3.75,
            8.5
          ],
          "texture": "#0"
        },
        "south": {
          "uv": [
            5,
            4.5,
            6.25,
            6
          ],
          "texture": "#0"
        },
        "west": {
          "uv": [
            4,
            7,
            4.25,
            8.5
          ],
          "texture": "#0"
        },
        "up": {
          "uv": [
            8.75,
            0.75,
            7.5,
            0.5
          ],
          "texture": "#0"
        },
        "down": {
          "uv": [
            8.75,
            1,
            7.5,
            1.25
          ],
          "texture": "#0"
        }
      }
    },
    {
      "from": [
        3.5,
        7.9,
        5.5
      ],
      "to": [
        4.5,
        10.9,
        6.5
      ],
      "rotation": {
        "angle": 0,
        "axis": "y",
        "origin": [
          0.5,
          7.4,
          4
        ]
      },
      "faces": {
        "north": {
          "uv": [
            6,
            7,
            6.25,
            7.75
          ],
          "texture": "#0"
        },
        "east": {
          "uv": [
            7.5,
            1.5,
            7.75,
            2.25
          ],
          "texture": "#0"
        },
        "south": {
          "uv": [
            7.5,
            2.5,
            7.75,
            3.25
          ],
          "texture": "#0"
        },
        "west": {
          "uv": [
            4.5,
            7.5,
            4.75,
            8.25
          ],
          "texture": "#0"
        },
        "up": {
          "uv": [
            8.25,
            7.75,
            8,
            7.5
          ],
          "texture": "#0"
        },
        "down": {
          "uv": [
            8.25,
            8,
            8,
            8.25
          ],
          "texture": "#0"
        }
      }
    },
    {
      "from": [
        2.5,
        7.9,
        5.5
      ],
      "to": [
        3.5,
        8.9,
        6.5
      ],
      "rotation": {
        "angle": 0,
        "axis": "y",
        "origin": [
          -0.5,
          7.4,
          4
        ]
      },
      "faces": {
        "north": {
          "uv": [
            1,
            8.5,
            1.25,
            8.75
          ],
          "texture": "#0"
        },
        "east": {
          "uv": [
            1.5,
            8.5,
            1.75,
            8.75
          ],
          "texture": "#0"
        },
        "south": {
          "uv": [
            8.5,
            1.5,
            8.75,
            1.75
          ],
          "texture": "#0"
        },
        "west": {
          "uv": [
            2,
            8.5,
            2.25,
            8.75
          ],
          "texture": "#0"
        },
        "up": {
          "uv": [
            8.75,
            2.25,
            8.5,
            2
          ],
          "texture": "#0"
        },
        "down": {
          "uv": [
            2.75,
            8.5,
            2.5,
            8.75
          ],
          "texture": "#0"
        }
      }
    },
    {
      "from": [
        1.5,
        8.9,
        5.5
      ],
      "to": [
        2.5,
        10.9,
        6.5
      ],
      "rotation": {
        "angle": 0,
        "axis": "y",
        "origin": [
          -1.5,
          7.4,
          4
        ]
      },
      "faces": {
        "north": {
          "uv": [
            1.5,
            5.5,
            1.75,
            6
          ],
          "texture": "#0"
        },
        "east": {
          "uv": [
            7.5,
            7.5,
            7.75,
            8
          ],
          "texture": "#0"
        },
        "south": {
          "uv": [
            8,
            1.5,
            8.25,
            2
          ],
          "texture": "#0"
        },
        "west": {
          "uv": [
            8,
            2,
            8.25,
            2.5
          ],
          "texture": "#0"
        },
        "up": {
          "uv": [
            8.75,
            2.75,
            8.5,
            2.5
          ],
          "texture": "#0"
        },
        "down": {
          "uv": [
            3.25,
            8.5,
            3,
            8.75
          ],
          "texture": "#0"
        }
      }
    },
    {
      "from": [
        1.5,
        10.9,
        5.5
      ],
      "to": [
        2.5,
        11.9,
        6.5
      ],
      "rotation": {
        "angle": 0,
        "axis": "y",
        "origin": [
          -1.5,
          10.4,
          4
        ]
      },
      "faces": {
        "north": {
          "uv": [
            8.5,
            3,
            8.75,
            3.25
          ],
          "texture": "#0"
        },
        "east": {
          "uv": [
            3.5,
            8.5,
            3.75,
            8.75
          ],
          "texture": "#0"
        },
        "south": {
          "uv": [
            8.5,
            3.5,
            8.75,
            3.75
          ],
          "texture": "#0"
        },
        "west": {
          "uv": [
            4,
            8.5,
            4.25,
            8.75
          ],
          "texture": "#0"
        },
        "up": {
          "uv": [
            8.75,
            4.25,
            8.5,
            4
          ],
          "texture": "#0"
        },
        "down": {
          "uv": [
            4.75,
            8.5,
            4.5,
            8.75
          ],
          "texture": "#0"
        }
      }
    },
    {
      "from": [
        11.5,
        7.9,
        5.5
      ],
      "to": [
        12.5,
        10.9,
        6.5
      ],
      "rotation": {
        "angle": 0,
        "axis": "y",
        "origin": [
          15.5,
          7.4,
          4
        ]
      },
      "faces": {
        "north": {
          "uv": [
            5,
            7.5,
            5.25,
            8.25
          ],
          "texture": "#0"
        },
        "east": {
          "uv": [
            5.5,
            7.5,
            5.75,
            8.25
          ],
          "texture": "#0"
        },
        "south": {
          "uv": [
            6.5,
            7.5,
            6.75,
            8.25
          ],
          "texture": "#0"
        },
        "west": {
          "uv": [
            7,
            7.5,
            7.25,
            8.25
          ],
          "texture": "#0"
        },
        "up": {
          "uv": [
            8.75,
            4.75,
            8.5,
            4.5
          ],
          "texture": "#0"
        },
        "down": {
          "uv": [
            5.25,
            8.5,
            5,
            8.75
          ],
          "texture": "#0"
        }
      }
    },
    {
      "from": [
        12.5,
        7.9,
        5.5
      ],
      "to": [
        13.5,
        8.9,
        6.5
      ],
      "rotation": {
        "angle": 0,
        "axis": "y",
        "origin": [
          16.5,
          7.4,
          4
        ]
      },
      "faces": {
        "north": {
          "uv": [
            8.5,
            5,
            8.75,
            5.25
          ],
          "texture": "#0"
        },
        "east": {
          "uv": [
            5.5,
            8.5,
            5.75,
            8.75
          ],
          "texture": "#0"
        },
        "south": {
          "uv": [
            8.5,
            5.5,
            8.75,
            5.75
          ],
          "texture": "#0"
        },
        "west": {
          "uv": [
            6,
            8.5,
            6.25,
            8.75
          ],
          "texture": "#0"
        },
        "up": {
          "uv": [
            8.75,
            6.25,
            8.5,
            6
          ],
          "texture": "#0"
        },
        "down": {
          "uv": [
            6.75,
            8.5,
            6.5,
            8.75
          ],
          "texture": "#0"
        }
      }
    },
    {
      "from": [
        13.5,
        8.9,
        5.5
      ],
      "to": [
        14.5,
        10.9,
        6.5
      ],
      "rotation": {
        "angle": 0,
        "axis": "y",
        "origin": [
          17.5,
          7.4,
          4
        ]
      },
      "faces": {
        "north": {
          "uv": [
            8,
            2.5,
            8.25,
            3
          ],
          "texture": "#0"
        },
        "east": {
          "uv": [
            8,
            3,
            8.25,
            3.5
          ],
          "texture": "#0"
        },
        "south": {
          "uv": [
            6,
            8,
            6.25,
            8.5
          ],
          "texture": "#0"
        },
        "west": {
          "uv": [
            7.5,
            8,
            7.75,
            8.5
          ],
          "texture": "#0"
        },
        "up": {
          "uv": [
            8.75,
            6.75,
            8.5,
            6.5
          ],
          "texture": "#0"
        },
        "down": {
          "uv": [
            7.25,
            8.5,
            7,
            8.75
          ],
          "texture": "#0"
        }
      }
    },
    {
      "from": [
        12.5,
        10.9,
        5.5
      ],
      "to": [
        13.5,
        11.9,
        6.5
      ],
      "rotation": {
        "angle": 0,
        "axis": "y",
        "origin": [
          16.5,
          10.4,
          4
        ]
      },
      "faces": {
        "north": {
          "uv": [
            8.5,
            7,
            8.75,
            7.25
          ],
          "texture": "#0"
        },
        "east": {
          "uv": [
            7.5,
            8.5,
            7.75,
            8.75
          ],
          "texture": "#0"
        },
        "south": {
          "uv": [
            8.5,
            7.5,
            8.75,
            7.75
          ],
          "texture": "#0"
        },
        "west": {
          "uv": [
            8,
            8.5,
            8.25,
            8.75
          ],
          "texture": "#0"
        },
        "up": {
          "uv": [
            8.75,
            8.25,
            8.5,
            8
          ],
          "texture": "#0"
        },
        "down": {
          "uv": [
            8.75,
            8.5,
            8.5,
            8.75
          ],
          "texture": "#0"
        }
      }
    },
    {
      "from": [
        13.5,
        10.9,
        5.5
      ],
      "to": [
        14.5,
        11.9,
        6.5
      ],
      "rotation": {
        "angle": 0,
        "axis": "y",
        "origin": [
          17.5,
          10.4,
          4
        ]
      },
      "faces": {
        "north": {
          "uv": [
            0,
            9,
            0.25,
            9.25
          ],
          "texture": "#0"
        },
        "east": {
          "uv": [
            9,
            0,
            9.25,
            0.25
          ],
          "texture": "#0"
        },
        "south": {
          "uv": [
            0.5,
            9,
            0.75,
            9.25
          ],
          "texture": "#0"
        },
        "west": {
          "uv": [
            9,
            0.5,
            9.25,
            0.75
          ],
          "texture": "#0"
        },
        "up": {
          "uv": [
            1.25,
            9.25,
            1,
            9
          ],
          "texture": "#0"
        },
        "down": {
          "uv": [
            9.25,
            1,
            9,
            1.25
          ],
          "texture": "#0"
        }
      }
    },
    {
      "from": [
        2.5,
        10.9,
        5.5
      ],
      "to": [
        3.5,
        11.9,
        6.5
      ],
      "rotation": {
        "angle": 0,
        "axis": "y",
        "origin": [
          -0.5,
          10.4,
          4
        ]
      },
      "faces": {
        "north": {
          "uv": [
            1.5,
            9,
            1.75,
            9.25
          ],
          "texture": "#0"
        },
        "east": {
          "uv": [
            9,
            1.5,
            9.25,
            1.75
          ],
          "texture": "#0"
        },
        "south": {
          "uv": [
            2,
            9,
            2.25,
            9.25
          ],
          "texture": "#0"
        },
        "west": {
          "uv": [
            9,
            2,
            9.25,
            2.25
          ],
          "texture": "#0"
        },
        "up": {
          "uv": [
            2.75,
            9.25,
            2.5,
            9
          ],
          "texture": "#0"
        },
        "down": {
          "uv": [
            9.25,
            2.5,
            9,
            2.75
          ],
          "texture": "#0"
        }
      }
    }
  ]
}