{
  "parent": "minecraft:item/generated",
  "textures": {
    "layer0": "minecraft:item/paper"
  },
  "overrides": [
    {
      "predicate": {
        "custom_model_data": 1001
      },
      "model": "item/technical/icons/arrow_up"
    },
    {
      "predicate": {
        "custom_model_data": 1002
      },
      "model": "item/technical/icons/arrow_down"
    },
    {
      "predicate": {
        "custom_model_data": 1003
      },
      "model": "item/technical/icons/arrow_left"
    },
    {
      "predicate": {
        "custom_model_data": 1004
      },
      "model": "item/technical/icons/arrow_right"
    },
    {
      "predicate": {
        "custom_model_data": 1005
      },
      "model": "item/technical/icons/trophy"
    },
    {
      "predicate": {
        "custom_model_data": 1006
      },
      "model": "item/normal_items/token_normal"
    },
    {
      "predicate": {
        "custom_model_data": 1007
      },
      "model": "item/normal_items/token_premium"
    },
    {
      "predicate": {
        "custom_model_data": 1008
      },
      "model": "item/technical/icons/clover"
    },
    {
      "predicate": {
        "custom_model_data": 1009
      },
      "model": "item/technical/icons/sword"
    },
    {
      "predicate": {
        "custom_model_data": 1010
      },
      "model": "item/technical/icons/rune"
    },
    {
      "predicate": {
        "custom_model_data": 1011
      },
      "model": "item/normal_items/guild_coin"
    },
    {
      "predicate": {
        "custom_model_data": 1012
      },
      "model": "item/normal_items/money_band"
    },
    {
      "predicate": {
        "custom_model_data": 1013
      },
      "model": "item/normal_items/battlepass"
    },
    {
      "predicate": {
        "custom_model_data": 2001
      },
      "model": "item/normal_items/vouchers/vip"
    },
    {
      "predicate": {
        "custom_model_data": 2002
      },
      "model": "item/normal_items/vouchers/svip"
    },
    {
      "predicate": {
        "custom_model_data": 2003
      },
      "model": "item/normal_items/vouchers/mvip"
    },
    {
      "predicate": {
        "custom_model_data": 2004
      },
      "model": "item/normal_items/vouchers/rapy"
    },
	{
      "predicate": {
        "custom_model_data": 2005
      },
      "model": "item/normal_items/vouchers/turbodrop"
    },
	{
      "predicate": {
        "custom_model_data": 2006
      },
      "model": "item/normal_items/vouchers/turboranking"
    },
	{
      "predicate": {
        "custom_model_data": 2007
      },
      "model": "item/normal_items/vouchers/turbofragment"
    },
    {
      "predicate": {
        "custom_model_data": 2501
      },
      "model": "item/normal_items/runes/rune_resistance_1"
    },
    {
      "predicate": {
        "custom_model_data": 2502
      },
      "model": "item/normal_items/runes/rune_life_1"
    },
    {
      "predicate": {
        "custom_model_data": 2503
      },
      "model": "item/normal_items/runes/rune_lifesteal_1"
    },
    {
      "predicate": {
        "custom_model_data": 2504
      },
      "model": "item/normal_items/runes/rune_poison_1"
    },
    {
      "predicate": {
        "custom_model_data": 2505
      },
      "model": "item/normal_items/runes/rune_durability_1"
    },
    {
      "predicate": {
        "custom_model_data": 2506
      },
      "model": "item/normal_items/runes/rune_strength_1"
    },
    {
      "predicate": {
        "custom_model_data": 2507
      },
      "model": "item/normal_items/runes/rune_time_1"
    },
    {
      "predicate": {
        "custom_model_data": 2508
      },
      "model": "item/normal_items/runes/rune_afk_1"
    },
    {
      "predicate": {
        "custom_model_data": 2509
      },
      "model": "item/normal_items/runes/rune_slowness_1"
    },
    {
      "predicate": {
        "custom_model_data": 2510
      },
      "model": "item/normal_items/runes/rune_weakness_1"
    },
    {
      "predicate": {
        "custom_model_data": 2511
      },
      "model": "item/normal_items/runes/rune_berserker_1"
    },
    {
      "predicate": {
        "custom_model_data": 2512
      },
      "model": "item/normal_items/runes/rune_universe_shard_1"
    },
    {
      "predicate": {
        "custom_model_data": 2513
      },
      "model": "item/normal_items/runes/rune_resistance_punchthrough_1"
    },
    {
      "predicate": {
        "custom_model_data": 2514
      },
      "model": "item/normal_items/runes/rune_stun_1"
    },
    {
      "predicate": {
        "custom_model_data": 2601
      },
      "model": "item/technical/icons/runes/resistance"
    },
    {
      "predicate": {
        "custom_model_data": 2602
      },
      "model": "item/technical/icons/runes/life"
    },
    {
      "predicate": {
        "custom_model_data": 2603
      },
      "model": "item/technical/icons/runes/lifesteal"
    },
    {
      "predicate": {
        "custom_model_data": 2604
      },
      "model": "item/technical/icons/runes/poison"
    },
    {
      "predicate": {
        "custom_model_data": 2605
      },
      "model": "item/technical/icons/runes/durability"
    },
    {
      "predicate": {
        "custom_model_data": 2606
      },
      "model": "item/technical/icons/runes/strength"
    },
    {
      "predicate": {
        "custom_model_data": 2607
      },
      "model": "item/technical/icons/runes/time"
    },
    {
      "predicate": {
        "custom_model_data": 2608
      },
      "model": "item/technical/icons/runes/afk"
    },
    {
      "predicate": {
        "custom_model_data": 2609
      },
      "model": "item/technical/icons/runes/slowness"
    },
    {
      "predicate": {
        "custom_model_data": 2610
      },
      "model": "item/technical/icons/runes/weakness"
    },
    {
      "predicate": {
        "custom_model_data": 2611
      },
      "model": "item/technical/icons/runes/berserker"
    },
    {
      "predicate": {
        "custom_model_data": 2612
      },
      "model": "item/technical/icons/runes/universe_shard"
    },
    {
      "predicate": {
        "custom_model_data": 2613
      },
      "model": "item/technical/icons/runes/resistance_punchthrough"
    },
    {
      "predicate": {
        "custom_model_data": 2614
      },
      "model": "item/technical/icons/runes/stun"
    },
    {
      "predicate": {
        "custom_model_data": 2701
      },
      "model": "item/normal_items/soul_1"
    },
    {
      "predicate": {
        "custom_model_data": 2702
      },
      "model": "item/normal_items/soul_2"
    },
    {
      "predicate": {
        "custom_model_data": 2703
      },
      "model": "item/normal_items/soul_3"
    },
    {
      "predicate": {
        "custom_model_data": 2704
      },
      "model": "item/normal_items/soul_4"
    },
    {
      "predicate": {
        "custom_model_data": 2705
      },
      "model": "item/normal_items/soul_orb"
    },
    {
      "predicate": {
        "custom_model_data": 2706
      },
      "model": "item/normal_items/heart"
    },
    {
      "predicate": {
        "custom_model_data": 3000
      },
      "model": "minecraft:block/note_block_rapy"
    },
    {
      "predicate": {
        "custom_model_data": 4001
      },
      "model": "item/tools/crossbows/watergun_part_1"
    },
    {
      "predicate": {
        "custom_model_data": 4002
      },
      "model": "item/tools/crossbows/watergun_part_2"
    },
    {
      "predicate": {
        "custom_model_data": 4003
      },
      "model": "item/tools/crossbows/watergun_part_3"
    },
    {
      "predicate": {
        "custom_model_data": 4051
      },
      "model": "item/normal_items/ketchup"
    },
    {
      "predicate": {
        "custom_model_data": 4052
      },
      "model": "item/normal_items/mustard"
    },
    {
      "predicate": {
        "custom_model_data": 4053
      },
      "model": "item/normal_items/sausage"
    },
    {
      "predicate": {
        "custom_model_data": 4054
      },
      "model": "item/normal_items/orange_juice"
    },
    {
      "predicate": {
        "custom_model_data": 4055
      },
      "model": "item/normal_items/bread"
    },
    {
      "predicate": {
        "custom_model_data": 4057
      },
      "model": "item/normal_items/picnic_basket"
    },
    {
      "predicate": {
        "custom_model_data": 4101
      },
      "model": "item/normal_items/upgrade_enderchest"
    },
    {
      "predicate": {
        "custom_model_data": 4102
      },
      "model": "item/normal_items/scroll_of_blessing"
    },
	    {
      "predicate": {
        "custom_model_data": 4103
    },
      "model": "item/normal_items/talisman_of_strength"
    },
    {
      "predicate": {
        "custom_model_data": 4104
      },
      "model": "item/normal_items/talisman_of_speed"
    },
    {
      "predicate": {
        "custom_model_data": 5005
      },
      "model": "item/normal_items/gems/gem_blue"
    },
    {
      "predicate": {
        "custom_model_data": 5006
      },
      "model": "item/normal_items/gems/gem_yellow"
    },
    {
      "predicate": {
        "custom_model_data": 5007
      },
      "model": "item/normal_items/gems/gem_red"
    },
    {
      "predicate": {
        "custom_model_data": 5008
      },
      "model": "item/normal_items/gems/gem_green"
    },
    {
      "predicate": {
        "custom_model_data": 5009
      },
      "model": "item/normal_items/gems/gem_orange"
    },
    {
      "predicate": {
        "custom_model_data": 5010
      },
      "model": "item/normal_items/gems/gem_purple"
    },
    {
      "predicate": {
        "custom_model_data": 5011
      },
      "model": "item/normal_items/ball_normal"
    },
    {
      "predicate": {
        "custom_model_data": 5012
      },
      "model": "item/normal_items/ball_golden"
    },
    {
      "predicate": {
        "custom_model_data": 5013
      },
      "model": "item/special_items/trophy_bronze"
    },
    {
      "predicate": {
        "custom_model_data": 5014
      },
      "model": "item/special_items/trophy_silver"
    },
    {
      "predicate": {
        "custom_model_data": 5015
      },
      "model": "item/special_items/trophy_gold"
    },
	{
      "predicate": {
        "custom_model_data": 6001
      },
      "model": "item/normal_items/calendars/large_calendar"
    },
	{
      "predicate": {
        "custom_model_data": 6002
      },
      "model": "item/normal_items/calendars/medium_calendar"
    },
	{
      "predicate": {
        "custom_model_data": 6003
      },
      "model": "item/normal_items/calendars/small_calendar"
    },
    {
      "predicate": {
        "custom_model_data": 6050
      },
      "model": "item/special_items/christmas_stick"
    },
    {
      "predicate": {
        "custom_model_data": 6055
      },
      "model": "item/normal_items/snowflake"
    },
    {
      "predicate": {
        "custom_model_data": 50001
      },
      "model": "item/technical/icons/arrow_left_v2"
    },
    {
      "predicate": {
        "custom_model_data": 50002
      },
      "model": "item/technical/icons/arrow_right_v2"
    }
  ]
}