{
  "parent": "minecraft:item/generated",
  "textures": {
    "layer0": "minecraft:item/phantom_membrane"
  },
  "overrides": [
    {
      "predicate": {
        "custom_model_data": 1005
      },
      "model": "item/technical/wings/og_wing"
    },
    {
      "predicate": {
        "custom_model_data": 1006
      },
      "model": "item/technical/wings/fairy_wing"
    },
    {
      "predicate": {
        "custom_model_data": 1007
      },
      "model": "item/technical/wings/flame_wing"
    },
    {
      "predicate": {
        "custom_model_data": 1008
      },
      "model": "item/technical/wings/flame_wing2"
    },
    {
      "predicate": {
        "custom_model_data": 1009
      },
      "model": "item/technical/wings/test_wing"
    },
    {
      "predicate": {
        "custom_model_data": 1010
      },
      "model": "item/technical/wings/flaming_wing"
    },
    {
      "predicate": {
        "custom_model_data": 1011
      },
      "model": "item/technical/wings/flaming_wing2"
    }
  ]
}