{
  "parent": "minecraft:item/template_skull",
  "overrides": [
    {
      "predicate": {
        "custom_model_data": 10015
      },
      "model": "item/technical/heads/player_head_gui_size_1"
    },
    {
      "predicate": {
        "custom_model_data": 10016
      },
      "model": "item/technical/heads/player_head_gui_size_4"
    },
    {
      "predicate": {
        "custom_model_data": 10017
      },
      "model": "item/technical/heads/player_head_block_size_item_frame"
    },
    {
      "predicate": {
        "custom_model_data": 10018
      },
      "model": "item/technical/heads/player_head_hand_size_2"
    },
    {
      "predicate": {
        "custom_model_data": 10019
      },
      "model": "item/technical/icons/blank"
    }
  ]
}