{
  "parent": "minecraft:item/generated",
  "textures": {
    "layer0": "minecraft:block/tripwire_hook"
  },
  "overrides": [
    {
      "predicate": {
        "custom_model_data": 1001
      },
      "model": "item/keys/key_time"
    },
    {
      "predicate": {
        "custom_model_data": 1002
      },
      "model": "item/keys/key_star"
    },
    {
      "predicate": {
        "custom_model_data": 1003
      },
      "model": "item/keys/key_galaxy"
    },
    {
      "predicate": {
        "custom_model_data": 1008
      },
      "model": "item/keys/key_halloween"
    }
  ]
}