{"display":{"thirdperson_righthand":{"rotation":[170.5,-90,0],"translation":[0.6,3,1.5],"scale":[1.2,1.2,1.2]},"thirdperson_lefthand":{"rotation":[170.5,90,0],"translation":[-0.6,3,1.5],"scale":[1.2,1.2,1.2]},"firstperson_righthand":{"rotation":[98.75,-90,0],"translation":[-0.25,5,2.25],"scale":[1.3,1.3,1.3]},"firstperson_lefthand":{"rotation":[98.75,90,0],"translation":[-1.5,5,2.25],"scale":[1.3,1.3,1.3]},"ground":{"rotation":[90,0,0]},"gui":{"rotation":[-23.25,0,-126.5],"translation":[1.25,0.5,0],"scale":[1.6,1.6,1.6]},"fixed":{"translation":[-0.75,0.25,0],"scale":[1.5,1.5,1.5]}},"texture_size":[32,32],"textures":{"0":"item/keys/key_star/key_star_a","1":"item/keys/key_star/key_star_b","particle":"item/keys/key_star/key_star_a"},"elements":[{"from":[8.025,4.025,8.65],"to":[8.325,9.25,8.95],"faces":{"north":{"uv":[4,0,4.25,4],"texture":"#0"},"east":{"uv":[4,0,4.25,4],"texture":"#0"},"south":{"uv":[4,0,4.25,4],"texture":"#0"},"west":{"uv":[4,0,4.25,4],"texture":"#0"},"up":{"uv":[7,2.25,6.75,2],"texture":"#0"},"down":{"uv":[3.5,6.5,3.25,6.75],"texture":"#0"}}},{"from":[8.025,4.025,8.05],"to":[8.325,9.25,8.35],"faces":{"north":{"uv":[4,0,4.25,4],"texture":"#0"},"east":{"uv":[4,0,4.25,4],"texture":"#0"},"south":{"uv":[4,0,4.25,4],"texture":"#0"},"west":{"uv":[4,0,4.25,4],"texture":"#0"},"up":{"uv":[7,2.25,6.75,2],"texture":"#0"},"down":{"uv":[3.75,6.5,3.5,6.75],"texture":"#0"}}},{"from":[8.675,4.025,8.05],"to":[8.975,9.25,8.35],"faces":{"north":{"uv":[4,0,4.25,4],"texture":"#0"},"east":{"uv":[4,0,4.25,4],"texture":"#0"},"south":{"uv":[4,0,4.25,4],"texture":"#0"},"west":{"uv":[4,0,4.25,4],"texture":"#0"},"up":{"uv":[7,2.25,6.75,2],"texture":"#0"},"down":{"uv":[2.75,7,2.5,7.25],"texture":"#0"}}},{"from":[8.675,4.025,8.675],"to":[8.975,9.25,8.975],"faces":{"north":{"uv":[4,0,4.25,4],"texture":"#0"},"east":{"uv":[4,0,4.25,4],"texture":"#0"},"south":{"uv":[4,0,4.25,4],"texture":"#0"},"west":{"uv":[4,0,4.25,4],"texture":"#0"},"up":{"uv":[3.5,6.75,3.25,6.5],"texture":"#0"},"down":{"uv":[7.25,3,7,3.25],"texture":"#0"}}},{"from":[8.175,4.05,8.175],"to":[8.825,9.25,8.825],"faces":{"north":{"uv":[7.125,5.875,7.375,12.875],"texture":"#1"},"east":{"uv":[7.125,5.875,7.375,12.875],"texture":"#1"},"south":{"uv":[7.375,5.875,7.125,12.875],"texture":"#1"},"west":{"uv":[7.125,5.875,7.375,12.875],"texture":"#1"},"up":{"uv":[3.75,6.75,3.5,6.5],"texture":"#1"},"down":{"uv":[7.25,3.5,7,3.75],"texture":"#1"}}},{"from":[9.1,4.275,8.175],"to":[10.15,4.975,8.825],"faces":{"north":{"uv":[0.5,6,1.25,6.5],"texture":"#0"},"east":{"uv":[6.5,0.5,7,1],"texture":"#0"},"south":{"uv":[6,3,6.75,3.5],"texture":"#0"},"west":{"uv":[6.5,0.5,7,1],"texture":"#0"},"up":{"uv":[6.75,4,6,3.5],"texture":"#0"},"down":{"uv":[4.75,6,4,6.5],"texture":"#0"}}},{"from":[9.1,5.625,8.225],"to":[9.9,6.325,8.775],"faces":{"north":{"uv":[0.5,6.5,1,7],"texture":"#0"},"east":{"uv":[6.5,0.5,7,1],"texture":"#0"},"south":{"uv":[1,6.5,1.5,7],"texture":"#0"},"west":{"uv":[6.5,0.5,7,1],"texture":"#0"},"up":{"uv":[7,2,6.5,1.5],"texture":"#0"},"down":{"uv":[7,2,6.5,2.5],"texture":"#0"}}},{"from":[7.5,8.225,7.875],"to":[9.5,8.75,9.125],"faces":{"north":{"uv":[3,6.5,4,6.75],"texture":"#0"},"east":{"uv":[3,6.5,3.75,6.75],"texture":"#0"},"south":{"uv":[3,6.5,4,6.75],"texture":"#0"},"west":{"uv":[3,6.5,3.75,6.75],"texture":"#0"},"up":{"uv":[1,0.75,0,0],"texture":"#0"},"down":{"uv":[1,1,0,1.75],"texture":"#0"}}},{"from":[7,8.5,8],"to":[10,9.5,9],"rotation":{"angle":-45,"axis":"z","origin":[8.5,10,8.5]},"faces":{"north":{"uv":[1,0,2.5,0.5],"texture":"#0"},"east":{"uv":[4,6.5,4.5,7],"texture":"#0"},"south":{"uv":[2.5,0,1,0.5],"texture":"#0"},"west":{"uv":[6.5,4,7,4.5],"texture":"#0"},"up":{"uv":[2.5,1.5,1,1],"texture":"#0"},"down":{"uv":[2.5,1.5,1,2],"texture":"#0"}}},{"from":[7,10.5,8],"to":[10,11.5,9],"rotation":{"angle":-45,"axis":"z","origin":[8.5,10,8.5]},"faces":{"north":{"uv":[0,2,1.5,2.5],"texture":"#0"},"east":{"uv":[4.5,6.5,5,7],"texture":"#0"},"south":{"uv":[1.5,2,3,2.5],"texture":"#0"},"west":{"uv":[6.5,4.5,7,5],"texture":"#0"},"up":{"uv":[1.5,3,0,2.5],"texture":"#0"},"down":{"uv":[4,0,2.5,0.5],"texture":"#0"}}},{"from":[7.9,4,7.925],"to":[9.1,6.75,9.075],"faces":{"north":{"uv":[1.25,3,2,4.75],"texture":"#0"},"east":{"uv":[0.75,3,1.5,4.75],"texture":"#0"},"south":{"uv":[1.25,3,2,4.75],"texture":"#0"},"west":{"uv":[1.25,3,2,4.75],"texture":"#0"},"up":{"uv":[6.5,6.25,5.75,5.5],"texture":"#0"},"down":{"uv":[6.5,5.5,5.75,6.25],"texture":"#0"}}},{"from":[7,9.5,8],"to":[8,10.5,9],"rotation":{"angle":-45,"axis":"z","origin":[8.5,10,8.5]},"faces":{"north":{"uv":[5.5,6.5,6,7],"texture":"#0"},"east":{"uv":[6.5,5.5,7,6],"texture":"#0"},"south":{"uv":[6,6.5,6.5,7],"texture":"#0"},"west":{"uv":[6.5,6,7,6.5],"texture":"#0"},"up":{"uv":[7,6.5,6.5,6],"texture":"#0"},"down":{"uv":[7,0.5,6.5,1],"texture":"#0"}}},{"from":[9,9.5,8],"to":[10,10.5,9],"rotation":{"angle":-45,"axis":"z","origin":[8.5,10,8.5]},"faces":{"north":{"uv":[6,4,6.5,4.5],"texture":"#0"},"east":{"uv":[6,4.5,6.5,5],"texture":"#0"},"south":{"uv":[5,6,5.5,6.5],"texture":"#0"},"west":{"uv":[6,5,6.5,5.5],"texture":"#0"},"up":{"uv":[7,6.5,6.5,6],"texture":"#0"},"down":{"uv":[6.5,4.5,6,5],"texture":"#0"}}},{"from":[6,7.5,8.5],"to":[11,12.5,8.5],"rotation":{"angle":-45,"axis":"z","origin":[8.5,10,8.5]},"faces":{"north":{"uv":[13.5,1.5,0,15],"rotation":180,"texture":"#1"},"east":{"uv":[0.625,5.125,5.125,0.625],"rotation":180,"texture":"#1"},"south":{"uv":[0.0125,1.5,13.5125,15],"rotation":180,"texture":"#1"},"west":{"uv":[0.625,5.125,5.125,0.625],"rotation":180,"texture":"#1"},"up":{"uv":[0.625,5.125,5.125,0.625],"rotation":180,"texture":"#1"},"down":{"uv":[0.625,5.125,5.125,0.625],"rotation":180,"texture":"#1"}}},{"from":[9.75,6.45368,8.5],"to":[11.25,7.95368,8.5],"rotation":{"angle":-45,"axis":"z","origin":[8.5,7.87868,8.5]},"faces":{"north":{"uv":[0,1.5,13.5,15],"rotation":180,"texture":"#1"},"east":{"uv":[0.625,5.125,5.125,0.625],"rotation":180,"texture":"#1"},"south":{"uv":[0.0125,1.5,13.5125,15],"rotation":180,"texture":"#1"},"west":{"uv":[0.625,5.125,5.125,0.625],"rotation":180,"texture":"#1"},"up":{"uv":[0.625,5.125,5.125,0.625],"rotation":180,"texture":"#1"},"down":{"uv":[0.625,5.125,5.125,0.625],"rotation":180,"texture":"#1"}}},{"from":[11,5.77868,8.5],"to":[12.5,7.27868,8.5],"rotation":{"angle":-45,"axis":"z","origin":[8.5,7.87868,8.5]},"faces":{"north":{"uv":[13.5,1.5,0,15],"rotation":180,"texture":"#1"},"east":{"uv":[0.625,5.125,5.125,0.625],"rotation":180,"texture":"#1"},"south":{"uv":[0.0125,1.5,13.5125,15],"rotation":180,"texture":"#1"},"west":{"uv":[0.625,5.125,5.125,0.625],"rotation":180,"texture":"#1"},"up":{"uv":[0.625,5.125,5.125,0.625],"rotation":180,"texture":"#1"},"down":{"uv":[0.625,5.125,5.125,0.625],"rotation":180,"texture":"#1"}}}]}